Authoritarianism,SocialDominance,CRT,Conspiracy,Paranoia,Internal_locus,Chance,Powerful_Others,TIS,IdentificationOthers,Agreeableness,Conscientiousness,Neuroticism,Openness,Extraversion,Ireland$MigrantAttitudes1,Ireland$MigrantAttitudes2,Ireland$C19_Infected_Binary,Ireland$C19_SomeoneClose_Infected_Binary,Ireland$Vax_Self_Binary,Ireland$?..Sex,Ireland$Occupation_Binary,Ireland$Education_Binary,Trust_Scientist,Trust_Doctor
23,17,0,34,8,9,14,10,19,43,9,10,8,6,8,6,5,0,0,0,0,1,0,4,5
17,24,3,45,15,11,13,12,18,27,7,8,4,8,4,5,6,0,0,0,1,1,1,3,4
17,22,1,43,20,11,13,12,16,33,7,7,7,7,5,6,6,0,0,0,1,1,1,4,4
21,23,0,31,18,9,18,14,19,42,6,6,7,6,7,4,3,1,1,1,1,1,1,5,5
14,11,0,37,12,9,8,6,9,35,7,9,4,7,6,10,9,0,1,1,1,0,0,4,4
19,20,3,22,5,5,8,6,20,38,10,9,6,9,4,8,10,0,0,1,0,1,1,4,4
19,14,0,49,6,5,9,4,16,33,9,10,3,9,10,7,6,0,0,1,0,1,1,3,5
23,22,1,35,11,12,12,12,16,29,6,6,6,6,6,8,10,0,0,1,0,1,1,3,4
20,15,1,30,9,11,14,8,10,30,7,6,4,4,9,7,6,0,0,0,1,1,0,4,5
12,16,1,39,16,9,13,10,11,42,7,9,5,9,10,8,10,0,0,1,1,0,1,4,4
21,18,0,22,5,6,11,10,21,42,8,7,3,8,5,8,8,0,0,1,0,1,0,4,4
20,18,1,42,11,9,13,11,16,26,7,9,6,4,7,9,7,0,0,1,1,1,1,4,5
20,16,3,30,9,9,11,10,19,44,9,9,4,8,6,8,8,0,0,1,1,1,0,4,4
19,8,2,27,14,5,6,4,20,36,5,8,4,6,6,1,1,0,0,1,1,1,1,5,4
10,12,1,49,10,11,14,12,6,44,5,5,7,5,6,10,10,0,0,1,1,1,0,2,2
10,10,3,29,5,14,12,10,10,36,6,6,6,7,10,7,8,0,0,1,0,1,1,3,2
11,20,3,32,9,7,13,11,10,19,6,7,3,7,5,7,7,0,0,1,1,0,1,3,3
20,18,0,46,21,6,19,9,7,34,6,5,9,6,6,1,3,0,1,0,0,0,1,3,4
7,8,2,38,5,5,4,6,12,43,10,10,6,10,9,10,10,0,0,1,0,1,1,4,4
18,26,1,36,11,5,4,3,13,28,9,7,3,7,10,9,7,0,0,1,1,1,1,3,2
18,17,1,38,11,10,11,13,15,28,6,7,5,8,2,9,9,0,0,1,0,1,1,3,4
14,20,3,42,10,4,11,4,14,25,5,10,2,6,9,6,4,0,0,0,1,0,1,4,4
14,12,0,28,6,8,8,10,15,43,9,10,3,10,5,7,10,0,0,1,1,1,1,4,4
23,19,0,45,12,15,9,10,8,19,7,7,5,8,7,4,4,0,0,0,0,1,0,3,4
12,10,1,25,5,3,6,3,12,45,10,10,3,10,7,9,10,0,0,1,0,1,1,4,4
20,11,1,46,5,7,3,5,10,27,8,10,3,3,6,5,5,0,0,1,0,1,1,3,4
26,19,0,39,5,3,6,3,20,37,8,10,2,7,7,5,8,0,0,0,0,1,1,4,4
18,24,0,30,14,12,12,12,5,27,6,6,5,6,6,8,7,0,1,0,1,0,0,1,1
16,20,0,37,8,10,9,11,16,27,6,7,5,6,2,5,7,0,0,0,1,1,1,4,4
21,18,0,38,10,8,13,8,20,34,9,10,2,7,6,6,9,0,0,1,1,1,0,3,4
16,24,2,35,14,9,17,5,10,31,6,7,10,9,6,4,2,0,0,1,0,0,0,4,4
25,20,0,44,9,7,6,7,6,39,9,10,6,5,8,1,1,0,0,1,0,1,1,3,4
24,16,0,45,7,11,5,7,11,40,8,10,3,5,4,5,4,0,0,0,0,1,1,2,3
12,13,1,41,13,10,13,9,14,31,7,5,6,7,6,9,9,0,0,0,0,0,1,4,4
25,15,1,39,7,9,8,4,16,45,6,8,4,9,8,7,6,0,0,1,0,1,1,4,5
24,14,0,55,7,11,13,14,15,36,9,9,4,6,6,8,8,0,1,1,1,1,1,3,3
27,16,1,38,7,9,3,9,15,42,8,9,2,5,6,7,9,0,0,0,1,1,1,5,4
19,18,0,39,10,8,6,6,14,33,6,8,8,4,4,8,8,0,0,0,0,1,1,4,4
19,12,0,31,5,3,8,6,16,35,8,6,6,7,6,8,8,0,0,1,0,0,1,4,4
19,22,0,43,7,11,9,11,7,24,8,8,5,6,7,6,4,0,0,0,1,1,1,2,2
16,23,0,41,22,12,13,14,15,32,6,10,6,6,9,7,6,0,0,0,1,1,1,2,1
19,18,0,25,15,12,12,12,13,36,6,8,6,7,6,7,8,0,0,1,1,1,0,3,4
24,19,0,47,11,7,11,8,8,28,10,10,2,5,6,3,1,1,1,1,1,1,1,2,4
19,18,0,44,11,11,12,12,13,32,8,9,5,5,6,4,4,0,0,1,1,1,1,3,4
16,21,1,30,14,5,12,6,7,30,7,9,3,10,5,5,5,0,0,1,0,1,1,4,4
20,24,0,38,19,13,12,13,8,29,6,7,6,7,4,8,8,0,0,0,1,1,0,4,1
18,19,0,25,15,9,12,9,18,31,8,9,6,8,3,5,7,0,0,0,0,1,1,4,4
18,23,1,30,17,10,13,13,17,36,8,7,7,7,6,6,7,0,0,1,1,1,1,5,5
20,17,0,35,6,7,13,10,18,41,10,8,4,8,6,7,7,0,0,1,1,1,0,4,5
17,12,0,29,9,14,17,9,18,38,8,10,6,7,5,8,8,0,0,1,1,0,1,4,5
20,21,2,26,9,13,11,12,14,30,7,9,6,8,5,5,7,0,0,0,1,1,1,2,2
24,28,0,27,23,13,16,13,19,26,3,7,6,8,4,4,6,0,0,1,0,1,1,4,4
13,9,3,23,14,8,11,8,9,27,6,6,8,6,4,8,8,0,0,1,0,1,1,4,4
19,22,0,49,8,5,3,3,15,19,10,10,8,8,6,2,1,0,0,1,0,1,0,4,5
22,21,0,24,10,7,10,7,17,22,9,10,3,6,5,4,4,0,0,0,0,0,0,4,4
19,14,0,24,8,8,12,7,20,44,8,7,2,9,10,3,4,0,0,1,1,1,1,4,4
19,25,0,55,25,9,21,15,23,45,7,6,6,6,5,10,10,0,0,1,1,1,1,4,5
21,16,0,37,17,9,17,8,10,36,7,9,10,8,4,5,6,0,0,1,0,1,1,3,4
21,21,0,37,22,11,15,13,9,37,7,10,2,6,9,6,6,0,0,0,1,1,0,4,5
21,17,1,42,13,10,14,10,13,38,7,6,6,5,5,5,6,0,0,1,1,1,0,2,2
18,24,0,30,15,11,12,12,15,27,6,6,6,6,5,6,6,0,0,0,1,1,0,3,3
22,22,1,34,16,11,13,11,20,33,8,8,4,8,5,7,7,0,0,1,1,1,0,5,5
12,16,0,40,20,7,12,3,9,36,5,8,6,7,10,8,8,0,0,0,0,0,0,4,5
18,21,0,34,10,5,6,5,13,36,9,7,3,5,4,8,7,0,0,1,0,1,1,4,4
9,9,0,53,9,8,6,5,7,41,6,8,6,7,3,7,10,0,0,1,0,1,1,2,3
14,21,3,29,19,10,13,12,15,36,5,10,8,10,3,8,7,0,0,1,1,1,1,4,4
20,18,2,25,15,10,14,12,18,27,6,10,6,10,4,3,3,0,0,1,1,0,1,5,5
26,24,0,47,16,8,12,13,15,39,7,7,4,6,7,1,1,0,1,1,0,1,0,5,5
17,20,0,48,16,10,17,10,19,45,8,8,9,6,7,9,10,0,0,1,1,1,1,4,4
21,23,0,25,9,9,12,11,9,24,7,10,10,7,4,7,6,0,0,1,1,0,0,2,4
16,16,0,40,11,5,9,3,14,31,7,10,2,9,7,10,10,0,0,0,1,1,0,5,4
15,16,0,15,16,13,16,12,19,36,7,9,6,7,8,7,7,0,0,1,1,1,0,4,4
16,16,0,55,24,10,9,10,5,38,8,10,6,6,10,1,5,0,0,1,0,1,0,1,1
27,17,0,39,16,11,15,11,16,41,6,9,6,7,7,7,8,0,0,1,0,1,1,5,5
23,16,0,35,9,7,7,11,11,37,7,6,7,7,5,5,5,0,0,1,0,1,1,4,4
21,14,1,55,8,7,11,3,6,42,9,10,6,10,6,5,4,0,0,0,0,1,1,2,2
12,8,0,55,18,9,10,6,8,20,3,9,4,4,6,5,8,0,0,1,0,0,1,4,4
20,22,0,35,8,11,14,11,10,36,8,8,7,6,7,5,5,0,0,1,0,0,1,2,1
24,20,0,54,13,3,3,3,8,25,7,10,3,7,6,1,1,0,0,1,1,1,0,4,4
19,9,2,40,9,9,10,13,10,41,6,5,8,10,3,7,7,0,1,1,1,1,1,4,5
16,23,0,37,19,9,11,11,13,33,7,6,7,6,7,8,8,0,1,1,0,1,0,3,4
21,19,0,51,10,5,9,6,6,25,7,7,8,10,5,6,3,0,0,0,1,0,0,2,4
23,23,1,32,10,11,14,12,19,33,8,6,5,4,5,4,4,0,0,1,1,1,1,3,4
19,23,0,51,9,8,16,12,19,38,9,8,4,7,7,6,5,0,0,1,1,0,0,5,5
15,16,3,38,15,11,11,9,14,32,7,6,4,6,5,9,9,0,1,1,1,0,0,5,5
19,14,1,42,16,8,10,7,13,38,7,9,6,8,7,8,8,0,0,1,0,1,0,2,2
19,18,0,34,14,9,14,13,16,42,8,9,4,8,6,7,3,0,0,1,1,1,0,5,4
13,28,2,52,17,15,17,15,6,13,3,4,5,9,4,2,1,0,0,0,0,0,0,2,2
17,24,0,49,19,12,14,11,10,31,6,6,6,6,6,5,5,0,0,0,1,1,0,3,1
17,15,3,27,10,6,11,6,13,35,6,8,5,8,6,8,8,0,0,0,0,1,0,4,5
19,23,0,34,20,9,11,12,10,27,7,9,4,8,6,3,6,1,0,1,1,1,0,4,5
18,24,0,30,15,12,12,12,15,27,6,6,6,6,6,6,6,0,0,1,1,1,1,3,3
14,16,0,40,11,13,10,8,12,40,6,10,8,2,4,4,5,0,0,1,0,1,0,3,4
16,22,1,32,13,10,12,10,15,16,4,7,7,10,5,8,10,0,0,0,0,1,1,4,5
19,26,1,17,12,12,12,14,16,33,9,9,6,8,6,1,3,0,1,0,0,0,0,2,4
14,21,2,33,10,12,14,12,8,27,8,6,4,5,4,10,10,0,0,1,0,1,1,5,4
20,12,0,40,5,9,15,9,14,42,4,7,6,9,6,8,10,0,0,1,0,1,1,2,5
10,12,0,55,5,10,13,4,5,31,9,10,2,6,9,1,1,0,0,0,1,1,0,4,4
16,9,2,29,15,7,11,10,15,27,9,5,5,7,9,8,8,0,0,1,1,1,1,1,4
25,22,3,49,5,18,9,15,7,39,8,9,3,7,10,5,5,0,0,0,0,1,1,1,5
16,12,0,38,6,8,12,7,12,41,9,10,7,5,6,6,4,0,0,0,0,0,1,4,4
18,24,0,30,15,12,12,12,15,24,6,6,6,6,6,6,6,0,0,1,1,1,0,3,3
18,15,3,40,17,6,14,9,9,30,4,8,9,7,2,5,9,0,0,0,0,1,0,4,3
16,19,0,30,7,5,10,7,18,37,8,10,3,8,6,8,7,0,0,1,1,1,1,4,4
23,22,3,21,12,10,11,10,17,39,9,9,3,7,8,7,4,0,0,0,1,1,1,4,4
24,21,0,29,5,7,9,7,15,35,6,10,4,6,8,4,5,0,0,1,0,1,0,4,4
18,24,1,16,18,12,14,14,15,41,7,4,4,5,6,10,10,0,0,1,0,1,1,3,3
26,16,0,32,8,15,7,7,17,33,10,10,10,7,2,6,7,0,0,1,0,1,0,4,5
18,18,0,40,11,6,4,9,15,43,10,10,10,8,3,5,5,0,0,1,0,1,1,3,3
18,17,3,27,8,4,4,6,8,32,8,10,2,8,9,5,4,0,0,1,1,1,0,3,4
20,19,0,40,5,7,10,4,15,39,7,5,4,3,6,5,6,1,1,0,0,0,0,3,3
26,32,0,50,5,6,13,8,20,30,6,8,2,5,5,4,5,0,0,1,0,0,0,4,3
18,16,3,31,7,8,11,7,15,36,8,9,5,3,4,5,2,0,0,1,0,1,0,4,4
17,20,0,39,10,6,11,6,6,18,10,9,2,7,8,3,3,0,0,1,1,1,0,2,1
16,22,3,38,15,9,7,6,21,24,3,8,6,8,2,3,1,0,0,0,0,0,0,5,5
23,15,0,47,14,7,6,11,7,39,9,10,2,8,6,7,7,0,0,1,1,1,1,4,4
25,23,2,38,20,20,15,20,7,33,4,8,8,7,4,10,8,0,0,1,1,1,1,4,2
25,16,1,34,13,9,8,8,20,38,6,8,8,6,6,6,8,0,0,0,0,1,1,4,4
10,11,1,9,14,10,14,11,17,31,8,10,3,10,10,9,9,0,0,1,0,1,1,4,4
16,18,0,36,12,12,12,11,8,36,7,6,6,6,5,3,3,0,0,1,1,1,1,2,4
14,11,3,6,5,5,9,5,19,33,8,6,5,4,7,10,10,0,0,1,0,1,1,5,5
17,21,2,36,14,10,11,4,16,35,8,8,7,4,4,5,5,0,0,1,0,0,1,3,4
17,33,0,49,16,11,15,10,6,36,7,8,8,10,9,1,1,0,0,1,0,1,1,4,4
14,18,0,39,7,3,12,5,8,36,9,10,6,5,4,3,6,0,0,0,1,0,1,4,5
8,12,2,38,12,12,13,15,5,40,4,7,7,10,3,8,10,0,0,1,1,1,1,4,3
23,22,0,48,11,11,13,11,8,32,9,7,5,7,8,4,3,0,0,1,0,1,0,4,4
27,15,2,37,9,4,9,6,19,43,9,10,2,6,9,4,6,0,0,1,1,1,0,4,5
19,22,1,55,16,9,12,13,8,24,5,7,8,7,5,2,1,0,0,0,0,1,1,3,3
11,15,2,49,13,6,11,10,9,41,6,5,5,9,6,5,6,0,0,0,1,1,1,4,4
17,20,0,35,7,11,16,7,17,32,7,5,3,7,7,10,10,0,0,1,1,1,0,4,5
15,19,3,37,9,8,7,8,17,31,7,10,5,5,6,6,5,0,0,1,0,0,1,3,4
17,20,0,19,18,13,14,13,16,24,8,5,10,10,3,4,6,0,0,1,0,0,0,4,4
17,10,2,24,7,15,9,4,22,40,9,8,5,7,8,7,7,0,0,1,0,1,1,5,5
18,24,0,45,19,7,12,10,15,36,7,8,3,4,7,3,3,0,0,1,1,1,0,3,3
14,20,1,33,9,8,11,10,18,42,8,7,6,6,4,7,7,0,0,0,0,1,1,4,5
12,25,1,46,13,5,6,7,17,23,7,6,5,4,2,5,6,0,0,0,1,1,0,4,4
15,12,1,20,7,7,8,9,17,38,6,6,4,7,4,7,8,0,0,1,0,1,1,4,4
23,14,0,48,20,10,12,12,18,39,7,8,7,4,9,6,7,0,0,1,1,1,1,4,5
18,26,3,33,9,10,9,7,6,16,5,7,4,4,6,5,7,0,0,1,1,1,1,4,4
21,24,3,39,11,4,3,3,12,30,9,7,2,6,3,9,9,0,0,1,1,1,1,3,4
17,22,0,35,14,6,17,12,13,37,8,5,9,8,5,8,7,0,0,1,0,1,1,5,5
17,19,1,31,11,12,13,8,13,31,8,5,8,4,6,6,8,0,0,1,0,1,0,4,5
16,23,3,47,6,13,16,15,15,36,9,8,6,6,4,8,7,0,0,0,0,0,0,3,3
19,12,0,36,12,9,18,14,19,38,7,7,7,5,5,8,8,0,1,1,0,1,1,4,4
11,11,1,41,9,3,6,7,15,30,7,8,4,7,8,7,2,0,0,0,1,1,1,3,3
18,15,3,28,6,6,11,7,18,40,9,9,5,6,5,8,8,0,0,1,0,1,1,4,4
21,15,0,34,10,7,7,8,10,22,7,10,5,8,5,6,8,0,0,1,1,1,1,4,4
19,25,2,23,13,9,12,9,13,27,4,6,5,5,2,5,6,0,0,1,1,0,1,3,5
8,12,3,23,6,6,12,9,16,31,7,7,9,9,4,8,7,0,1,1,1,1,1,5,5
15,14,2,35,5,6,3,4,20,39,9,7,3,6,8,8,10,0,0,1,0,0,1,5,5
20,20,0,33,12,9,10,9,17,32,7,10,3,9,8,7,8,0,0,0,0,1,1,4,4
14,16,0,30,12,4,3,3,17,30,10,10,3,10,6,5,5,0,0,0,0,1,0,3,4
12,11,1,44,5,7,10,5,18,43,10,9,4,7,8,7,7,1,1,0,1,1,1,5,4
20,19,0,39,13,5,12,7,15,41,7,8,8,7,4,7,7,0,0,1,1,1,0,4,5
17,24,0,51,11,13,12,11,7,27,8,8,5,7,5,2,2,0,1,1,0,1,1,4,4
7,8,2,26,5,3,3,3,13,40,8,6,2,10,10,9,9,0,0,0,0,1,1,4,4
18,24,1,30,14,12,12,13,16,25,6,6,6,6,6,7,6,0,0,0,1,0,1,3,2
20,12,0,37,13,5,9,4,17,41,4,8,8,7,3,9,9,0,0,1,0,1,1,5,5
17,18,1,47,14,10,13,13,12,29,7,7,8,9,6,4,4,0,0,1,0,0,0,4,4
15,12,2,18,10,5,6,4,9,27,7,9,4,5,6,9,10,0,0,1,0,1,1,2,3
18,25,2,55,17,9,13,7,7,28,3,4,2,2,6,7,5,0,1,0,0,1,0,3,1
20,18,3,31,7,3,5,3,16,31,8,7,2,10,6,8,8,0,0,1,1,1,1,4,5
21,28,0,29,17,9,12,8,13,32,6,6,8,7,2,4,1,0,0,1,1,1,1,4,4
20,15,0,32,5,8,9,7,18,39,9,8,6,6,5,6,7,0,0,1,0,1,1,4,4
16,17,0,35,18,12,12,12,17,30,8,7,8,7,5,7,7,0,0,1,1,1,1,4,5
18,22,0,25,12,15,13,9,14,30,5,7,5,5,7,6,5,1,0,0,0,0,1,3,3
17,23,0,41,25,11,14,12,15,24,6,6,7,7,6,3,3,0,0,1,1,0,0,3,3
18,24,1,30,15,10,13,13,15,27,5,7,5,6,5,5,5,0,1,1,1,1,1,3,4
19,21,0,44,12,6,9,5,18,39,7,10,7,6,7,5,5,0,0,1,1,1,0,4,5
8,11,1,24,10,7,9,10,11,36,7,5,6,9,2,8,8,1,0,0,0,1,1,4,4
20,18,0,54,15,15,11,10,13,35,8,10,9,8,4,1,1,0,0,1,0,0,0,3,2
21,25,0,34,14,10,6,5,12,34,8,8,6,9,7,5,5,0,0,1,1,1,0,3,4
19,22,1,33,18,8,15,10,14,31,5,6,6,4,3,7,6,0,0,0,1,1,1,4,4
18,8,0,37,9,8,11,7,19,44,4,7,5,7,2,8,8,0,0,1,0,1,1,5,4
24,10,0,47,16,9,11,12,11,27,9,8,4,6,10,10,10,0,0,0,0,1,1,2,2
21,10,3,44,9,7,9,10,11,35,6,10,5,10,6,8,9,0,0,0,0,0,1,3,3
16,18,1,34,15,15,12,11,14,18,8,6,8,3,4,4,3,0,0,0,1,0,0,4,4
17,27,0,41,13,11,11,13,8,24,5,7,5,5,4,7,7,0,1,1,1,1,1,4,3
18,24,0,29,18,13,11,11,14,32,6,5,6,7,6,9,9,0,0,1,0,0,0,2,2
16,21,0,35,9,6,7,4,16,31,5,10,2,6,6,6,5,0,0,1,0,1,1,4,4
15,21,2,43,6,12,11,14,13,24,7,6,6,8,7,3,3,0,0,0,1,1,1,4,4
12,9,0,50,18,14,14,15,5,33,3,6,6,9,10,1,1,0,0,1,1,1,0,2,4
22,17,0,51,15,9,18,13,14,39,8,8,4,4,4,1,5,0,1,1,0,0,0,2,1
15,8,0,48,23,9,13,17,9,42,8,5,4,9,6,2,3,0,0,1,0,0,0,1,1
24,12,0,46,22,11,10,15,20,41,4,6,10,8,6,10,10,0,0,1,1,1,1,4,4
20,24,0,43,17,12,11,12,7,26,7,6,9,5,5,1,5,0,0,1,0,0,1,2,3
14,19,2,37,13,7,10,11,7,40,6,8,4,6,9,7,9,0,0,0,1,1,1,3,3
19,19,1,34,9,7,9,7,18,30,8,8,4,7,6,6,6,0,0,1,1,1,0,3,4
18,23,0,41,15,13,12,13,25,42,6,6,6,9,5,1,7,0,1,1,0,1,1,5,5
14,8,3,10,7,4,9,4,20,29,7,5,2,8,6,8,9,0,0,1,1,1,1,5,5
20,14,0,42,14,11,11,11,12,41,8,8,9,8,6,7,9,0,0,0,0,1,1,4,4
19,24,0,30,14,12,12,12,15,27,6,6,6,6,6,6,7,0,0,1,0,1,1,3,3
14,24,3,17,17,14,14,9,14,18,5,5,7,5,2,8,7,0,0,1,1,0,1,4,4
20,14,0,26,12,8,12,10,10,32,6,9,4,5,2,5,6,0,0,0,0,1,0,4,3
17,23,2,31,5,11,10,14,12,34,7,8,6,4,5,8,7,0,0,1,1,1,0,2,1
15,26,2,34,7,11,12,10,11,32,7,9,2,6,7,8,7,0,0,0,1,1,0,4,3
13,15,1,29,8,5,4,8,17,38,9,9,2,8,7,9,10,0,0,1,1,1,1,5,5
22,14,0,30,14,9,10,14,14,35,9,10,4,10,6,4,4,1,0,0,0,0,1,4,4
21,21,3,39,7,7,9,9,19,39,9,9,3,7,5,8,8,0,0,1,1,0,1,4,5
18,24,0,43,25,6,19,9,5,11,7,7,10,10,6,1,1,0,0,0,1,1,0,1,1
18,24,0,48,5,9,10,11,8,40,6,8,3,10,8,5,4,0,0,0,1,1,1,3,3
20,12,1,40,11,3,8,4,10,45,9,10,2,7,5,7,10,0,0,1,0,0,1,4,4
17,16,1,27,9,5,9,6,14,28,9,9,2,8,5,8,7,0,0,1,1,1,1,4,5
23,9,0,38,10,7,7,7,14,40,7,8,4,8,7,7,8,0,0,1,1,1,1,3,4
22,19,0,41,16,12,12,12,20,36,7,6,9,7,7,8,8,0,0,1,1,0,0,4,4
19,26,0,39,6,6,5,5,15,33,8,9,4,4,6,7,7,0,0,1,0,0,1,4,4
12,21,0,43,16,12,18,9,13,34,6,8,7,6,4,4,3,0,0,0,1,1,1,5,5
20,19,3,24,8,8,11,8,15,31,7,8,4,5,8,8,7,0,0,1,1,1,1,4,4
19,22,0,21,7,12,9,6,15,45,8,8,7,10,6,1,1,0,0,1,0,1,0,5,5
18,24,0,43,20,11,15,13,20,28,6,6,6,6,6,9,9,0,0,1,1,1,1,4,4
23,25,0,35,9,11,6,9,12,37,9,9,3,5,7,1,10,0,0,1,0,1,0,3,4
18,25,0,50,25,3,4,4,10,39,7,10,10,6,5,8,4,0,0,1,0,1,1,2,2
24,19,0,36,6,10,12,11,10,40,6,9,6,7,6,3,3,0,0,1,0,1,1,4,4
20,21,0,32,8,5,8,9,18,30,7,9,5,6,5,7,5,0,0,1,0,1,1,4,3
20,16,2,40,14,14,18,8,8,43,8,10,9,5,3,1,1,0,0,0,0,1,1,5,3
20,22,0,36,18,9,13,10,17,44,6,6,7,6,7,8,8,0,0,1,1,1,1,4,4
20,21,1,22,10,7,11,8,14,43,8,10,3,5,7,5,7,0,0,0,0,1,1,4,3
21,11,0,46,8,6,11,4,22,39,6,9,4,9,6,1,1,0,0,0,1,1,1,4,4
18,20,1,41,12,5,16,6,13,34,8,9,5,7,6,4,3,0,0,1,0,1,1,5,4
25,13,0,47,5,3,4,4,16,38,10,8,2,9,5,2,6,0,0,0,0,0,0,4,4
27,18,2,41,11,5,17,14,19,45,5,6,7,5,6,4,6,0,0,1,1,0,1,5,5
20,10,3,29,8,9,9,5,10,36,4,6,5,9,10,10,10,0,0,1,0,1,1,3,3
16,13,1,24,5,7,11,7,15,36,8,7,7,9,6,5,6,0,0,0,0,0,1,3,4
15,17,1,31,10,10,10,8,11,26,6,10,6,5,6,5,6,0,0,1,1,1,1,3,5
22,11,1,41,7,7,14,8,19,45,7,3,8,10,5,9,9,0,0,1,0,1,1,4,5
23,9,0,40,19,12,13,12,17,37,8,9,4,7,9,9,10,0,0,1,1,1,1,4,4
19,23,0,39,20,11,17,14,11,23,6,6,5,4,7,8,2,0,0,1,1,1,1,4,2
18,22,0,39,14,12,10,12,14,33,6,7,6,6,6,7,6,0,0,1,1,1,0,3,4
14,16,2,41,12,9,14,11,19,32,7,8,4,8,6,7,8,0,0,1,1,1,1,4,4
19,23,0,35,13,10,12,12,17,31,7,8,6,8,6,6,8,0,0,0,1,1,1,1,3
20,24,0,53,15,13,18,15,12,32,8,5,10,6,4,1,1,0,0,1,0,1,0,2,2
17,16,2,34,17,20,20,19,18,33,9,10,10,8,4,5,10,0,0,1,1,1,1,4,5
16,13,1,22,9,5,8,11,18,34,9,10,3,5,9,8,8,0,0,1,1,1,1,4,4
18,22,0,35,12,10,11,13,15,33,6,8,6,8,9,4,5,0,0,0,0,1,1,3,4
22,13,1,29,5,4,5,5,20,45,9,8,5,8,6,5,4,0,1,1,1,0,0,4,5
26,20,0,33,5,3,6,4,12,33,8,10,3,6,6,3,3,0,0,1,0,1,1,2,3
18,24,0,30,15,12,12,12,16,30,6,6,6,6,6,5,5,0,0,1,0,1,0,3,4
7,17,0,32,15,6,11,8,7,22,9,6,10,7,2,5,8,0,0,1,1,0,1,2,4
12,16,2,25,7,5,10,7,16,30,10,4,6,7,10,10,8,0,0,1,1,1,1,5,5
14,13,1,49,13,7,7,6,8,44,8,7,7,7,8,5,5,0,0,1,0,1,1,4,4
15,12,0,41,12,10,10,12,13,37,7,7,4,7,8,6,8,0,1,1,0,1,1,4,3
20,16,1,30,5,6,6,3,25,43,10,6,7,5,6,5,5,0,0,1,0,1,1,5,5
21,23,3,35,21,11,15,12,12,37,7,7,7,7,5,4,4,0,0,0,0,0,1,2,2
17,15,3,29,5,6,9,6,21,43,10,8,2,6,8,8,8,0,0,0,1,1,1,4,5
19,21,0,30,14,11,12,11,15,24,9,9,4,5,6,5,5,0,0,1,0,1,0,3,3
22,18,0,35,5,10,6,8,5,34,6,8,4,7,8,2,1,0,0,0,0,0,0,2,4
18,20,0,27,10,6,6,7,17,32,9,10,3,5,8,6,4,0,0,0,0,1,0,3,4
18,24,2,23,20,12,17,14,10,36,6,6,6,6,6,5,5,0,0,0,0,1,1,2,2
16,16,0,48,20,10,20,10,15,33,9,5,10,9,5,6,1,0,0,1,1,1,0,4,4
21,20,1,29,6,4,8,4,16,35,9,9,7,3,3,3,3,0,0,0,0,1,0,4,4
21,25,0,53,7,9,10,7,10,36,8,9,5,8,6,4,5,0,0,0,0,1,1,3,3
19,23,0,29,19,11,14,13,17,43,6,7,6,7,7,4,5,0,0,0,0,1,0,4,2
20,22,0,27,8,8,9,8,19,40,7,9,6,10,6,8,10,0,0,0,0,1,1,4,5
17,14,3,42,17,13,13,15,7,25,5,7,3,6,2,10,10,0,0,1,1,1,0,4,4
13,19,0,34,15,14,12,13,11,33,7,7,8,5,8,10,6,1,1,1,0,1,1,3,3
16,19,1,36,8,4,6,7,17,38,9,10,5,5,6,7,7,0,0,0,0,0,0,4,4
27,13,2,33,11,7,12,12,13,35,8,6,5,7,7,3,7,0,0,1,1,0,1,4,4
25,22,2,34,5,7,4,9,14,37,9,8,4,6,6,3,4,0,0,1,0,0,1,3,4
16,23,1,44,16,10,14,13,15,29,8,9,3,6,8,7,7,0,0,0,1,1,1,3,4
16,17,0,37,5,6,10,5,16,38,9,9,4,5,6,7,9,0,0,1,0,1,1,4,4
20,23,0,42,14,10,13,12,13,35,7,8,8,7,5,5,5,0,0,1,0,0,1,4,4
13,18,0,23,6,11,4,6,6,30,6,8,4,8,6,5,4,0,0,1,0,1,1,4,4
23,13,0,15,15,9,15,4,12,34,4,10,6,7,10,8,10,0,0,1,0,0,0,4,4
19,23,0,29,15,6,13,9,12,29,6,5,5,7,6,6,6,0,0,1,1,1,1,4,4
14,8,0,23,5,5,16,4,11,36,8,6,3,7,8,7,9,0,0,1,1,1,1,4,4
16,20,2,41,12,10,13,13,13,27,7,7,5,6,6,2,2,0,0,1,0,1,0,4,4
17,14,0,34,8,8,10,6,14,42,9,4,4,8,6,7,9,0,1,0,0,1,1,3,3
18,17,0,55,14,12,17,15,5,38,6,4,6,6,8,10,10,0,0,0,0,1,1,4,4
14,21,1,24,9,6,7,5,16,34,9,7,3,6,8,10,10,0,1,1,0,1,1,4,4
19,17,2,18,14,5,14,6,18,43,8,9,4,4,8,8,8,0,0,0,1,1,1,5,5
12,9,0,45,5,10,9,4,7,27,5,8,7,9,6,5,7,0,0,0,0,1,1,2,3
13,16,1,46,5,5,9,6,11,35,6,6,2,9,6,7,8,0,0,1,0,0,1,3,5
28,15,3,50,10,12,3,6,6,45,4,10,7,6,4,6,10,0,0,0,0,1,1,1,1
21,12,2,25,5,6,7,6,18,40,8,8,2,6,10,3,7,0,0,1,0,0,0,4,4
19,22,0,23,5,3,4,4,13,36,9,7,8,6,8,2,3,0,0,1,0,1,0,4,4
24,22,0,51,8,5,3,3,12,20,7,10,8,8,6,7,1,0,0,0,0,1,0,5,5
14,10,0,24,5,11,11,9,23,45,7,4,6,8,7,9,10,0,0,1,1,1,1,4,4
21,22,0,23,15,12,14,11,17,23,5,7,5,7,3,5,8,0,0,1,0,1,0,4,4
15,23,0,34,11,9,12,9,15,27,7,5,4,6,6,7,5,0,0,0,0,1,1,3,4
15,20,0,34,9,11,13,11,7,27,7,7,4,5,7,2,5,0,0,0,0,0,1,2,3
15,14,0,52,15,13,8,14,9,41,7,9,6,7,8,8,8,0,0,1,0,1,1,2,2
23,22,0,49,14,10,18,10,18,43,9,7,4,9,6,7,2,0,0,0,0,1,0,4,5
21,18,0,39,25,9,17,11,7,29,9,8,10,9,7,6,6,0,1,1,0,1,1,3,3
18,23,2,51,14,5,8,4,9,25,7,6,4,4,6,2,1,0,0,0,0,1,0,4,5
18,24,0,31,9,12,13,11,9,27,7,10,3,5,7,8,6,0,0,1,0,1,1,2,1
17,19,2,24,11,9,11,7,16,34,7,10,7,5,4,7,6,0,0,0,1,1,1,4,4
18,16,3,37,17,12,15,10,10,34,6,9,6,7,4,5,5,0,0,1,1,1,0,3,4
28,21,1,27,6,9,6,4,16,27,4,6,6,5,4,1,1,0,0,0,0,1,0,3,4
18,25,0,33,16,11,10,10,17,27,7,8,6,5,7,5,5,0,0,0,0,1,1,3,4
18,23,1,42,8,10,12,10,15,35,10,9,3,7,5,5,9,0,0,1,0,0,1,3,3
19,11,1,32,15,6,10,6,15,36,7,9,6,8,6,7,7,0,0,1,0,1,1,4,5
24,22,2,32,16,8,12,10,20,30,6,8,6,7,6,9,9,0,0,1,1,1,1,4,5
17,13,2,25,8,6,10,11,18,28,8,8,3,5,5,8,8,0,0,0,1,1,1,3,4
18,21,1,12,7,11,11,10,19,36,8,6,3,8,8,7,6,0,0,1,1,1,0,4,4
15,14,1,45,5,4,5,5,16,36,8,8,4,6,6,9,9,0,0,1,1,1,1,4,5
15,19,0,37,8,7,4,5,13,35,9,9,3,7,5,6,5,0,0,1,0,0,0,3,4
18,24,0,39,18,9,9,12,14,36,6,6,5,6,5,8,8,0,0,1,1,1,1,2,2
20,19,0,40,8,8,11,7,13,41,7,7,4,8,6,7,8,0,0,1,0,1,1,2,2
19,16,2,36,8,8,10,8,12,37,10,9,7,7,7,7,8,0,0,1,0,1,1,2,2
22,13,0,30,16,12,12,13,19,17,8,5,8,8,4,7,7,0,0,1,1,1,1,4,4
25,24,1,40,18,9,13,9,15,27,5,10,4,4,2,4,4,0,0,1,1,1,1,3,5
22,17,1,33,5,10,14,10,10,29,8,9,4,9,5,5,5,0,0,0,0,1,0,2,2
6,10,3,28,11,9,14,10,13,33,6,7,6,9,4,10,10,0,0,1,1,1,1,4,4
16,25,0,39,15,11,13,14,20,35,7,6,5,7,8,9,8,0,0,1,1,1,1,4,5
18,22,0,40,16,10,18,14,15,36,7,6,6,6,7,8,4,0,0,1,0,1,1,3,2
29,17,1,22,15,5,10,9,21,36,10,10,4,2,6,4,4,0,0,1,0,1,1,3,4
20,11,0,40,16,9,10,5,7,25,7,10,6,6,7,8,1,0,0,1,1,1,0,4,3
18,24,1,50,23,11,17,14,10,36,6,6,5,5,6,9,9,0,0,1,0,1,1,2,2
16,24,2,40,14,12,11,11,18,22,7,7,7,7,6,7,6,0,0,0,1,1,1,4,4
15,21,1,48,6,10,11,9,12,39,7,8,2,9,6,8,8,0,0,1,1,0,1,5,5
14,13,0,37,23,13,16,11,9,30,5,2,10,5,5,5,4,0,0,1,1,1,1,5,5
15,24,0,44,18,11,13,9,5,31,6,6,6,6,6,6,8,0,0,1,0,1,0,3,3
11,12,0,11,8,11,9,9,19,42,8,8,6,6,6,10,10,0,0,1,0,1,1,4,4
18,15,0,29,5,4,8,3,16,41,8,10,3,8,10,4,7,0,0,1,0,1,1,4,4
29,24,0,37,12,9,8,7,23,38,9,9,4,5,8,8,4,0,0,1,1,1,0,4,5
20,19,0,35,8,9,9,7,9,34,8,10,3,6,7,1,1,0,0,1,0,1,0,4,4
18,25,2,31,10,9,12,8,19,33,7,8,6,6,4,7,4,0,0,0,1,1,0,4,4
20,16,0,53,7,6,3,3,20,27,7,6,7,5,6,4,4,0,0,1,0,1,1,4,4
20,22,2,44,15,10,15,11,17,38,8,8,5,5,9,2,3,0,0,1,0,0,1,4,4
16,16,0,41,18,12,12,13,15,18,5,6,7,7,4,5,5,0,0,0,0,0,0,3,3
19,21,0,37,13,9,11,8,14,33,7,10,6,5,8,6,6,0,0,1,1,1,1,4,4
18,24,1,55,15,12,12,12,25,45,6,6,6,6,6,5,5,0,0,1,1,0,0,5,5
19,16,2,33,20,10,9,10,11,36,6,10,6,8,8,8,7,0,0,1,1,1,1,4,4
14,9,3,29,9,5,9,6,6,34,6,7,8,8,6,10,10,0,0,1,0,1,1,4,4
18,24,0,30,15,12,12,12,10,27,7,7,7,7,6,6,6,0,0,0,0,1,0,2,2
21,14,2,50,11,4,7,8,11,45,7,7,5,6,9,9,10,0,0,1,1,1,0,5,5
17,19,1,37,8,9,12,7,14,42,8,7,4,9,6,5,6,0,0,0,0,1,1,3,4
10,13,3,20,12,7,15,10,11,19,6,7,3,5,3,7,6,0,0,1,1,1,1,5,4
19,17,1,16,5,6,5,6,16,23,8,10,2,6,10,5,6,0,0,0,0,1,1,1,4
21,23,1,32,15,10,15,10,12,38,6,6,6,6,5,6,6,0,0,0,1,0,1,3,2
23,17,0,37,16,9,11,11,20,41,9,9,6,8,5,5,5,0,0,0,1,0,0,4,5
21,17,0,37,15,9,8,9,12,22,4,10,9,5,5,6,4,0,0,0,1,1,0,4,3
16,22,0,31,8,6,10,7,20,30,9,8,4,5,8,6,4,0,0,1,1,1,1,5,5
14,18,0,36,15,11,12,11,15,29,7,9,5,7,6,1,2,0,0,1,0,1,1,4,4
21,21,1,28,5,5,11,7,17,33,6,6,3,5,8,5,2,0,0,0,0,1,0,4,4
12,8,2,32,9,5,10,8,9,29,8,7,3,7,8,8,8,0,0,1,1,1,1,3,3
23,19,0,50,17,9,11,4,9,23,3,9,3,6,3,7,6,0,0,0,0,1,1,4,3
20,20,1,29,6,10,11,10,15,19,8,7,4,6,5,6,6,0,0,1,1,1,1,4,4
21,24,0,28,5,3,8,3,17,44,10,9,4,6,6,1,2,0,0,1,0,1,1,5,5
11,14,0,36,7,7,9,8,16,36,8,6,3,6,10,6,7,0,0,1,0,1,1,4,4
18,24,0,43,22,11,20,15,24,45,8,5,5,6,5,7,9,0,0,1,1,1,1,5,5
20,23,3,25,7,6,6,4,8,29,6,9,5,9,6,4,6,0,0,1,0,1,1,3,3
21,9,1,42,6,10,14,9,15,45,10,10,3,6,6,6,8,0,0,0,0,1,0,4,4
18,21,0,49,22,14,17,15,9,26,4,6,8,7,3,2,2,1,0,1,0,0,0,4,3
22,24,3,47,14,13,14,11,10,40,7,9,4,7,6,8,6,0,0,1,1,1,1,2,4
22,19,3,45,11,10,10,12,10,32,6,7,6,6,5,8,2,0,0,1,0,1,1,2,2
13,20,2,30,7,8,13,8,13,40,9,8,3,5,10,5,6,0,0,1,0,1,1,3,4
17,12,0,21,6,9,12,4,19,42,7,10,5,8,9,10,10,0,0,1,0,1,1,5,5
22,17,1,35,15,12,13,11,16,26,7,7,4,7,7,10,8,0,0,1,1,1,0,3,4
19,20,1,26,9,6,7,10,13,37,9,9,3,7,8,5,7,0,0,1,1,1,1,2,4
15,16,3,34,5,4,3,4,16,27,6,7,2,9,7,10,10,0,0,1,0,1,1,4,4
21,17,2,39,10,10,9,9,13,30,7,6,7,5,4,7,8,0,1,0,0,0,1,4,4
15,14,2,31,6,9,6,7,18,37,6,8,3,3,4,8,8,0,0,1,1,1,1,4,4
15,9,2,32,9,7,5,8,14,33,8,6,4,9,6,7,8,0,0,0,1,1,0,4,4
28,13,3,25,10,6,4,6,14,36,7,7,3,6,3,8,8,0,0,1,1,1,1,3,4
19,20,0,42,6,7,8,10,10,40,7,6,5,8,8,5,7,1,0,0,0,1,1,4,4
26,20,0,48,5,3,3,3,21,45,10,10,6,6,3,6,9,0,0,0,1,1,1,4,5
19,12,0,28,10,6,15,10,13,28,7,7,3,8,3,5,8,0,0,1,0,1,0,4,4
16,8,1,42,13,10,19,9,9,40,6,7,2,8,10,10,10,0,0,1,1,1,1,4,5
14,10,2,39,13,10,8,10,14,34,8,10,7,9,4,7,5,1,0,0,1,1,1,2,5
22,8,0,50,16,7,15,11,7,41,6,7,8,7,4,8,8,0,0,0,1,0,1,4,5
22,22,1,44,11,13,13,12,6,32,6,3,9,3,7,4,7,0,1,1,1,1,1,2,2
20,20,0,37,14,9,11,10,13,26,8,8,4,6,6,5,5,0,0,0,1,1,1,4,4
19,24,0,55,14,12,12,12,13,28,6,6,6,6,6,8,8,0,0,0,1,1,0,2,2
18,24,0,30,15,12,12,12,15,27,6,6,6,6,6,7,7,0,0,1,1,1,1,3,3
20,14,2,37,21,13,17,18,8,24,5,10,3,6,6,3,2,0,0,0,1,1,1,3,3
19,22,0,52,9,10,9,10,11,28,5,4,5,6,8,5,5,0,0,0,0,0,0,1,3
18,14,0,21,11,8,9,9,12,34,6,8,4,8,6,5,5,0,0,0,0,1,1,2,2
21,22,0,34,12,11,12,10,14,34,7,9,5,7,7,4,5,0,0,0,1,1,0,4,4
16,20,2,39,18,9,13,8,15,21,6,8,4,6,4,4,3,0,0,1,0,1,1,4,4
16,24,3,33,14,8,10,14,13,31,6,6,6,6,8,6,6,0,0,1,1,1,1,4,2
20,21,0,42,15,11,10,9,13,42,8,8,7,7,5,8,9,0,0,0,0,0,1,4,4
20,17,1,22,7,10,9,4,18,30,6,9,10,6,3,9,10,0,0,0,0,1,0,4,5
18,23,0,33,17,9,17,13,16,33,7,7,5,7,5,8,8,0,0,0,1,1,1,3,3
18,24,1,30,15,12,12,12,15,27,6,6,6,6,6,5,5,0,0,1,0,1,1,3,3
19,18,0,44,13,12,9,12,15,26,6,4,8,8,5,1,1,0,0,1,1,1,0,3,3
21,11,0,30,15,14,13,12,15,45,8,7,8,6,3,5,5,0,0,1,0,1,0,3,1
24,10,0,43,5,5,7,3,20,43,8,8,4,7,7,8,4,0,0,0,1,1,0,5,5
22,15,0,48,18,11,12,11,12,27,6,6,7,6,5,1,2,0,0,0,0,1,1,3,2
16,21,1,33,10,11,3,4,21,33,7,10,4,8,10,5,5,0,0,1,1,1,0,5,5
17,13,0,42,19,6,13,5,19,39,7,9,8,4,6,7,8,0,0,1,0,1,1,4,4
20,16,0,29,5,7,5,8,8,33,8,10,2,5,5,7,7,0,0,1,1,1,1,4,4
21,13,0,22,8,7,10,6,18,38,9,6,5,7,5,6,4,0,0,0,0,1,0,4,4
20,24,0,25,9,9,8,8,15,29,7,6,9,5,6,4,9,1,1,0,1,1,1,3,2
21,26,1,42,10,10,11,8,5,39,7,10,5,6,5,3,3,0,0,1,1,0,0,4,4
21,23,0,47,9,13,12,12,7,9,6,6,5,5,6,6,3,0,0,1,1,1,1,3,3
24,19,0,30,11,9,9,8,14,32,6,6,5,7,5,5,4,0,0,0,0,0,0,5,5
18,28,0,35,18,10,14,11,12,32,8,6,6,5,6,7,6,1,1,1,1,0,1,3,4
17,21,0,46,17,10,14,11,12,36,6,6,4,8,6,7,7,0,0,0,0,0,0,2,2
23,19,2,26,6,8,13,10,20,39,6,9,8,5,3,6,6,0,0,1,1,1,0,4,4
18,20,2,31,14,12,14,11,16,36,7,6,9,9,6,5,5,0,0,0,0,1,1,5,5
10,16,0,41,5,7,10,8,6,27,6,6,2,9,4,8,9,0,0,1,1,1,1,3,3
19,24,1,42,25,12,12,12,15,45,5,6,6,6,7,5,5,0,0,0,0,0,1,3,3
21,23,0,53,17,12,12,13,7,32,6,3,9,10,3,9,7,0,0,1,1,1,1,4,4
23,25,2,34,14,13,9,13,15,31,8,7,6,6,6,10,7,0,0,0,1,1,1,4,4
15,17,0,27,6,8,13,10,20,36,7,10,5,9,9,4,3,0,0,1,1,1,1,5,5
18,20,3,29,9,8,8,7,12,26,7,8,6,6,5,6,6,0,0,1,1,1,1,4,3
16,17,0,18,10,13,12,10,13,30,5,8,8,6,7,7,8,0,0,1,0,1,1,4,4
19,18,0,35,5,12,19,8,13,40,10,10,4,4,4,8,7,0,0,1,0,0,0,4,4
17,17,3,35,15,6,6,5,14,36,5,8,9,7,9,7,5,0,0,0,0,0,1,4,4
20,20,2,47,14,5,10,5,19,35,8,9,4,6,9,2,1,0,0,1,1,1,1,4,4
18,24,2,45,10,9,11,13,15,25,5,6,5,6,9,6,6,0,0,1,0,1,1,4,4
17,15,0,35,10,8,10,8,18,33,9,9,4,6,10,5,6,0,0,0,0,0,1,4,4
16,19,3,25,10,10,8,9,20,36,8,6,4,8,10,8,8,0,0,1,1,1,1,5,4
17,19,0,33,5,8,6,9,17,26,9,8,3,8,8,7,7,0,0,0,0,0,1,4,4
10,8,3,31,11,8,7,9,11,36,7,6,4,8,5,8,8,0,0,1,1,1,1,4,4
17,12,1,44,20,12,12,15,10,39,8,8,7,6,3,8,10,1,0,1,1,1,1,5,5
17,29,1,33,8,6,15,7,21,31,7,9,2,6,5,4,4,0,0,1,1,1,1,4,4
21,23,1,33,10,11,13,12,18,34,7,5,5,8,5,6,4,0,0,1,1,1,1,4,4
22,20,3,28,11,9,9,9,20,31,7,5,4,4,6,6,5,0,0,1,1,1,1,4,4
16,20,2,33,6,5,12,3,15,27,7,10,2,5,10,7,6,0,0,1,1,1,1,3,3
16,20,0,45,5,8,6,6,14,26,9,10,5,6,8,7,7,0,0,0,0,1,1,4,4
19,25,1,43,13,8,16,13,15,33,6,8,8,8,5,4,5,0,1,0,0,1,1,3,4
17,12,0,32,11,10,11,6,15,36,9,8,7,6,3,5,10,0,0,1,0,1,0,4,4
12,15,0,28,10,7,13,8,10,27,6,6,8,6,8,7,6,0,0,1,0,1,1,4,4
20,20,0,28,9,9,3,3,20,45,7,10,4,5,8,6,6,0,0,1,0,1,1,5,4
19,14,1,31,7,4,6,9,10,45,8,8,6,8,10,4,6,0,0,0,0,1,1,5,5
16,31,0,47,11,5,8,5,15,29,7,9,2,9,9,5,4,0,0,1,1,1,1,4,5
16,21,0,27,5,12,10,10,18,18,7,10,8,8,5,10,7,0,0,1,1,0,1,5,4
20,20,0,29,15,13,11,13,14,35,6,8,8,6,4,4,4,0,0,1,0,1,1,4,4
21,19,0,24,7,8,9,12,19,32,10,10,2,5,7,7,6,0,0,1,1,1,1,4,5
16,10,3,14,9,7,9,5,17,36,8,9,7,4,5,9,9,0,0,1,0,1,1,4,5
22,20,0,41,10,9,13,10,18,41,7,10,8,5,6,4,4,0,0,0,0,0,1,4,4
21,23,2,28,9,5,9,6,12,36,10,8,8,8,4,8,7,0,0,1,1,1,0,4,4
23,17,0,38,14,10,12,11,13,32,7,7,7,7,6,8,8,0,1,0,0,1,1,3,4
16,21,1,34,6,8,13,7,14,34,8,8,4,10,6,7,6,0,0,1,0,1,1,4,4
10,20,1,16,10,9,13,9,20,36,8,8,8,7,8,10,8,0,0,1,1,1,1,4,4
19,22,0,47,5,5,4,3,12,27,7,10,3,6,10,7,8,0,0,0,0,1,1,2,4
17,22,3,28,7,7,12,8,19,35,7,7,3,7,6,6,7,0,0,1,0,0,1,5,5
24,31,1,34,5,9,10,10,13,23,7,7,6,5,5,2,2,0,0,0,1,1,1,3,3
24,24,3,32,11,7,7,8,10,23,3,7,3,9,3,8,8,0,0,1,1,1,1,4,4
17,8,0,53,15,20,15,21,9,35,10,10,3,4,6,3,8,0,0,1,1,0,1,5,5
15,18,0,44,18,6,14,6,19,38,10,10,6,8,3,1,1,0,0,0,0,0,1,5,4
20,19,1,36,11,10,9,8,15,37,8,8,3,5,6,3,3,0,0,1,1,1,0,4,4
25,23,0,38,17,9,10,12,22,38,4,8,3,6,5,6,7,0,0,1,1,1,0,5,5
17,24,0,41,11,12,16,9,12,34,7,8,4,7,5,6,6,0,0,0,1,1,1,2,2
16,16,3,15,8,9,15,6,20,42,9,10,4,7,9,7,7,0,0,0,0,1,1,4,4
20,10,0,51,13,15,6,12,5,43,6,10,4,4,10,7,5,0,0,0,1,1,0,3,3
15,22,2,35,10,12,11,10,5,24,6,8,8,6,4,1,1,0,0,1,1,1,1,1,1
15,16,0,38,19,14,13,14,10,28,6,9,9,7,6,3,3,1,0,1,0,1,1,2,2
11,16,2,22,14,14,11,15,18,19,5,6,7,5,2,9,7,0,0,1,1,1,1,5,4
16,23,0,39,8,10,17,13,12,25,7,7,6,6,6,8,8,0,0,1,1,1,1,2,3
21,13,1,24,8,5,11,6,17,35,6,6,5,7,6,6,7,0,0,0,1,0,0,4,4
22,13,0,46,7,4,8,3,9,33,9,9,5,6,8,2,2,0,0,1,1,1,0,4,4
18,25,0,41,6,10,14,11,10,16,7,6,2,4,8,4,5,0,0,1,0,1,1,3,3
21,16,2,43,15,8,14,8,5,31,5,8,7,8,6,7,7,0,0,0,0,1,1,3,3
26,14,0,44,7,6,14,3,20,45,6,6,5,6,10,7,7,0,0,1,0,1,0,4,4
19,17,0,34,10,11,13,11,17,36,6,6,6,6,6,9,7,0,0,1,1,1,1,3,4
16,13,3,32,15,10,12,9,12,27,7,9,3,7,6,7,7,0,0,1,1,1,1,3,4
12,12,1,25,8,9,3,3,15,36,6,7,7,8,8,8,10,0,0,1,0,1,1,4,4
16,17,1,27,12,10,18,13,17,42,6,8,4,6,6,9,8,0,0,1,0,1,0,4,4
19,15,0,35,11,10,10,10,12,41,8,8,4,7,6,4,3,0,0,0,0,1,1,4,4
15,17,0,54,12,8,9,7,5,30,8,7,6,6,6,1,1,0,1,1,0,1,0,4,3
17,23,3,37,20,10,18,13,22,36,6,5,4,5,5,7,8,0,0,1,1,1,1,5,5
14,10,2,33,6,3,13,3,14,42,6,9,5,8,7,8,10,0,0,1,1,0,1,5,5
14,16,3,14,7,3,3,3,20,15,8,9,2,8,3,7,5,0,0,1,1,1,1,4,4
23,15,2,30,19,15,14,16,8,23,4,10,2,7,6,2,3,0,0,0,1,1,1,3,3
24,15,3,24,10,10,11,8,20,38,7,5,4,4,6,6,6,0,0,1,1,0,1,4,4
16,19,1,41,13,9,6,6,18,39,8,8,4,7,6,7,7,0,0,1,1,1,0,4,4
16,20,0,40,21,13,14,11,15,18,4,5,10,7,3,4,5,0,0,0,0,1,1,3,4
14,11,2,24,8,10,11,11,18,36,8,6,7,7,5,8,8,0,0,0,0,1,1,3,4
20,19,0,17,7,12,8,10,14,34,5,7,6,6,3,3,1,0,0,0,0,1,1,3,4
22,22,1,41,9,9,12,9,16,25,6,8,5,6,6,8,6,0,0,0,0,0,1,3,3
17,16,1,30,7,8,7,5,16,40,9,9,9,5,4,7,5,0,1,1,0,0,0,3,4
19,16,0,55,12,10,13,12,16,34,9,8,4,6,6,5,4,0,0,1,0,0,0,4,4
9,23,0,29,12,11,12,11,14,24,7,5,5,6,6,8,6,0,0,1,1,1,1,3,4
14,20,0,47,7,7,12,3,10,23,8,7,6,6,8,10,5,0,0,0,0,1,1,4,4
21,11,0,34,17,3,9,4,16,38,8,10,4,4,3,8,9,0,0,1,0,1,1,4,4
16,23,2,31,5,10,13,10,15,35,6,8,7,6,7,10,5,0,0,1,0,1,1,4,4
16,24,0,6,9,9,5,9,5,15,5,5,5,7,6,2,2,0,0,0,1,1,0,1,1
18,24,2,55,25,11,20,15,25,45,6,6,6,6,6,10,10,0,0,0,1,1,1,5,5
21,19,0,30,5,15,3,9,15,30,7,8,6,6,5,6,6,0,0,1,0,1,1,4,4
19,24,0,30,15,12,12,13,15,27,5,5,8,6,6,6,6,0,1,0,1,1,0,3,3
24,9,0,36,7,11,14,8,17,39,6,10,6,7,9,6,6,0,0,0,0,1,0,5,4
14,24,1,30,15,12,12,12,20,27,7,6,6,6,8,1,5,0,0,0,1,1,0,4,4
21,11,0,50,10,9,19,3,14,40,9,10,4,7,10,4,7,0,0,1,0,1,1,5,5
16,21,2,21,15,6,6,4,20,37,6,8,4,6,5,9,7,0,0,1,1,1,1,4,4
21,9,3,37,10,14,7,11,8,44,5,10,3,6,6,8,8,0,0,1,0,1,1,3,4
19,16,0,33,6,11,14,10,15,33,7,9,9,5,6,1,1,0,0,1,0,0,1,4,5
22,24,3,55,15,12,12,12,5,27,6,6,6,6,6,5,5,0,0,1,1,1,1,1,1
13,19,2,40,6,7,10,9,14,36,7,8,3,7,7,8,6,0,0,1,1,1,0,4,4
19,23,1,30,6,8,9,8,19,33,8,8,4,6,6,8,7,0,0,1,1,1,0,3,4
25,15,0,36,5,12,8,5,12,42,10,10,8,9,5,4,7,0,0,1,0,1,1,5,5
21,11,1,46,5,4,13,5,11,36,7,10,6,10,6,3,5,0,0,1,1,1,1,4,5
18,11,0,23,7,16,19,15,19,39,10,8,10,9,6,9,8,0,0,1,1,1,1,4,5
19,24,0,29,10,3,4,9,22,40,6,10,10,10,6,7,8,0,0,1,1,1,1,3,5
14,16,2,34,10,11,13,5,16,36,6,8,6,8,5,6,7,0,0,1,0,1,1,4,4
17,21,0,45,15,10,9,9,13,40,5,6,6,6,4,6,4,0,0,0,0,1,1,4,4
14,10,0,6,16,8,9,4,21,43,7,6,8,10,6,8,6,0,0,1,0,1,1,5,5
22,25,2,30,18,12,17,14,19,41,5,6,5,5,3,10,10,0,0,1,1,1,0,5,5
24,8,0,44,6,8,13,10,14,38,8,8,8,9,4,8,7,0,0,1,0,1,1,3,4
17,24,2,33,15,13,11,11,13,30,6,8,5,7,6,8,7,0,0,1,1,1,1,3,4
21,11,0,18,11,5,6,4,21,39,9,7,3,5,4,8,8,0,0,1,1,1,1,5,5
19,27,2,21,6,4,6,3,15,20,3,7,8,7,4,8,8,1,0,1,0,0,1,5,5
15,10,0,44,17,11,9,9,15,37,6,7,5,10,9,7,8,0,0,1,1,1,1,5,4
24,12,0,19,5,5,15,9,17,44,10,10,2,10,10,5,6,0,0,1,1,0,0,5,5
12,24,0,55,15,12,12,12,7,42,6,6,6,6,6,5,5,0,0,0,1,1,1,3,4
15,16,0,42,19,11,14,11,10,30,8,7,9,7,5,8,7,0,0,1,0,0,0,3,3
19,23,2,32,13,8,13,12,23,37,8,7,3,6,10,6,7,0,0,1,0,1,1,4,5
18,22,2,34,10,14,11,11,12,33,7,6,5,6,6,5,6,0,0,1,1,0,1,2,4
17,23,0,28,12,10,14,12,16,26,9,7,5,8,4,6,5,0,0,0,1,1,1,4,4
18,22,0,35,16,10,9,9,8,21,8,6,5,6,7,5,4,0,0,0,1,1,0,1,3
16,18,1,32,10,8,13,11,18,39,7,8,5,4,5,8,8,0,0,1,1,1,1,4,4
15,26,1,32,19,10,13,12,12,31,6,6,6,6,6,6,5,0,0,1,0,0,1,4,3
19,24,0,27,14,12,13,11,24,34,8,8,5,5,6,8,8,0,0,1,0,1,1,4,5
21,24,0,29,17,15,12,13,15,25,7,6,5,7,6,7,6,0,0,1,1,1,0,3,3
15,21,1,33,12,13,11,10,14,26,5,7,8,5,6,10,10,0,0,1,1,1,1,3,3
20,16,0,45,20,14,14,14,5,17,4,8,9,6,6,8,8,0,0,0,0,0,0,2,1
17,23,2,32,20,13,14,13,19,35,8,6,8,6,8,4,5,1,0,0,0,1,1,5,5
20,24,0,40,13,9,11,9,9,23,6,10,10,6,2,4,5,0,0,0,0,1,0,4,4
16,16,3,40,13,7,7,5,17,27,7,8,6,6,6,5,5,0,0,0,1,1,1,4,5
15,22,3,30,6,7,8,4,17,32,9,9,3,4,5,7,6,0,0,1,0,1,1,4,4
16,18,2,37,7,5,9,10,20,38,7,6,4,4,6,10,10,0,0,1,1,1,0,4,4
16,24,2,42,16,6,14,11,14,17,6,5,8,7,4,4,4,0,0,1,0,0,1,4,3
18,22,1,26,15,7,16,11,13,32,7,9,6,5,5,4,5,0,0,0,0,1,0,3,3
20,16,0,33,8,10,11,8,19,35,7,8,4,7,8,6,6,0,0,1,1,1,1,4,4
17,24,0,34,5,4,6,6,22,42,7,9,2,4,10,8,9,0,0,0,1,1,1,5,5
18,21,0,55,13,6,8,5,7,36,6,9,2,10,5,8,7,1,1,0,1,1,1,1,1
15,19,3,38,9,10,13,8,20,37,4,7,7,6,7,7,6,0,0,1,1,1,1,5,5
18,25,0,34,18,8,12,9,20,18,5,8,6,6,8,1,10,0,0,1,0,0,0,5,5
18,12,0,36,7,6,9,6,7,37,8,9,3,6,8,10,10,0,0,1,0,1,1,2,3
15,16,0,40,20,10,16,11,12,36,5,6,7,6,8,5,6,0,0,0,0,1,0,3,4
18,21,0,35,14,11,12,11,9,33,7,7,6,6,6,5,5,0,0,0,0,0,1,3,3
14,15,0,52,20,10,16,13,6,33,6,7,8,9,4,9,9,0,0,1,1,1,1,4,4
13,16,2,23,7,4,15,8,19,34,8,8,3,8,8,7,7,0,0,1,1,1,1,4,4
20,18,0,43,5,5,7,6,23,41,10,8,5,10,9,6,8,0,0,0,0,1,1,5,5
18,10,1,37,5,9,15,6,19,45,9,7,4,5,6,4,4,0,0,0,0,0,1,4,4
19,21,2,49,8,13,14,15,10,35,7,8,4,6,5,3,3,0,0,0,1,1,1,3,3
20,18,0,33,14,8,6,9,12,31,6,6,7,8,2,5,10,0,0,1,0,0,1,4,3
18,8,0,13,5,4,13,3,17,45,10,9,2,10,9,10,10,0,0,1,1,1,1,4,4
15,15,0,48,15,10,10,13,10,39,6,8,10,6,4,6,1,0,0,1,0,0,1,4,5
18,24,0,37,16,9,18,14,5,29,5,6,6,5,6,6,6,0,1,1,0,1,1,3,3
21,13,0,33,12,6,15,7,10,43,5,7,8,5,7,7,6,0,0,0,0,1,1,4,5
23,21,0,43,17,7,14,9,19,24,4,10,8,6,5,4,2,0,0,1,1,1,1,4,4
18,18,0,30,10,9,9,6,6,29,10,9,4,7,10,2,2,0,0,0,1,1,0,2,3
18,18,0,30,12,11,12,11,18,35,8,6,5,6,8,7,3,0,0,1,1,1,0,3,4
17,8,1,51,5,3,7,3,19,37,10,9,2,5,6,8,10,0,0,0,1,0,1,3,5
15,17,0,36,11,10,13,10,11,27,7,6,7,6,6,8,8,0,0,1,1,0,1,4,4
21,16,0,55,13,5,7,3,7,25,5,9,2,5,6,1,1,0,0,1,1,1,0,5,5
20,18,0,41,16,14,9,8,15,36,6,10,6,8,6,6,7,0,0,0,0,0,0,3,4
21,25,0,34,15,10,16,12,14,42,8,7,3,6,8,10,9,0,0,0,1,1,1,5,5
21,18,1,50,24,11,17,13,20,43,7,9,9,10,3,7,8,0,0,1,0,1,1,4,4
14,8,0,39,9,9,5,7,13,29,8,9,6,5,3,9,9,0,0,1,0,0,0,4,4
17,24,0,40,14,10,14,6,9,34,8,6,9,7,7,3,4,1,0,0,0,1,1,4,4
15,28,1,46,12,8,9,7,5,29,7,9,7,8,8,1,1,0,0,0,1,1,1,3,3
18,24,0,53,14,11,16,14,7,30,7,10,5,5,7,8,8,0,0,0,0,1,1,3,3
19,15,1,39,16,8,16,12,11,34,6,6,6,8,5,5,6,0,0,0,1,1,1,4,3
19,13,0,27,5,4,4,4,19,36,10,9,2,5,6,8,8,0,0,1,0,1,1,3,4
24,11,2,42,8,5,4,4,11,35,6,7,4,5,3,8,5,0,0,1,1,1,1,4,5
14,8,1,30,18,10,10,13,10,31,4,5,10,9,2,6,10,0,0,1,0,1,1,4,4
14,18,3,35,10,7,9,9,15,28,7,6,6,5,4,7,7,0,0,0,1,1,0,4,4
13,14,1,41,6,15,12,14,9,36,8,9,8,7,6,3,3,0,0,1,0,1,1,4,5
17,13,2,35,19,10,8,11,9,31,2,7,9,6,6,6,7,0,0,0,0,1,1,4,4
10,10,3,51,18,8,14,9,9,37,6,6,8,7,6,7,7,0,0,1,0,1,1,3,4
17,8,2,38,9,7,10,10,15,36,7,8,4,6,7,6,8,0,0,0,0,0,0,3,3
19,24,0,43,18,12,11,7,12,14,4,5,10,5,5,4,4,0,0,1,1,1,1,4,4
24,14,0,38,12,9,14,10,10,37,10,10,3,7,7,10,10,0,0,1,1,0,1,4,5
10,12,3,55,15,12,12,12,5,27,7,10,4,5,7,5,5,0,0,0,1,1,1,3,3
24,17,0,53,18,4,19,12,11,34,9,6,2,6,4,7,7,0,0,1,1,1,1,4,3
17,13,1,37,20,12,11,12,7,40,8,7,8,8,5,8,8,0,0,0,0,1,1,3,4
13,15,0,32,7,4,3,10,18,36,8,6,3,7,9,8,8,0,0,1,1,1,1,4,4
17,20,0,46,5,12,12,12,21,40,7,10,2,5,10,5,7,0,0,1,0,1,0,5,5
17,12,0,45,17,9,15,9,8,45,10,7,8,10,9,5,5,0,0,1,0,1,0,4,4
23,20,0,37,15,8,14,11,12,45,9,9,6,6,7,2,2,0,0,0,0,0,1,1,1
17,14,0,35,5,8,8,9,18,45,8,10,6,6,9,10,10,0,0,1,0,0,1,5,5
18,25,0,55,15,11,12,8,18,45,6,7,7,2,7,10,10,0,0,0,0,1,1,5,5
15,20,0,42,14,9,11,9,14,23,8,10,6,7,7,3,3,0,0,1,0,1,1,3,4
18,23,0,26,20,9,15,13,10,34,6,6,6,6,6,8,7,0,0,1,1,1,0,4,3
19,24,0,30,14,14,10,10,11,34,7,6,6,5,6,6,6,0,0,1,0,1,1,2,3
17,24,0,37,20,10,17,14,12,34,5,5,8,7,7,8,7,1,1,1,1,0,1,2,2
19,18,0,45,12,12,4,13,20,39,9,8,6,7,5,6,7,0,0,1,1,1,1,4,4
18,24,3,55,15,12,12,12,5,33,6,6,6,6,6,5,5,0,0,1,1,1,1,2,2
15,26,0,22,5,12,11,10,13,40,7,9,3,7,7,6,7,0,0,1,1,0,0,4,4
20,16,0,35,13,14,12,9,14,39,7,9,6,7,7,5,3,0,0,1,0,0,0,3,4
14,24,0,39,13,9,9,3,15,39,10,8,5,7,6,10,7,0,0,1,0,1,0,4,4
20,23,0,40,13,6,4,7,13,25,5,6,2,10,6,7,7,0,0,0,0,1,1,2,3
21,15,0,23,12,9,9,8,12,25,6,7,5,6,6,5,7,0,0,1,1,0,1,4,4
19,14,1,26,7,3,4,3,15,39,7,10,3,8,6,5,1,0,0,0,1,1,1,4,5
12,10,1,43,15,10,13,11,12,38,8,6,7,6,6,9,10,0,0,1,0,1,0,4,5
14,32,3,44,14,9,13,12,14,34,5,9,9,9,8,10,9,0,0,1,0,1,1,4,4
17,8,3,31,8,4,10,7,19,41,8,10,2,8,7,10,10,0,1,1,1,1,0,3,5
27,22,2,49,19,11,14,12,11,30,6,6,6,5,6,6,5,0,0,1,1,1,1,3,3
12,9,2,38,6,6,8,5,19,36,7,8,4,9,8,10,10,0,0,1,1,1,1,5,5
20,29,1,24,10,10,5,6,15,32,5,10,4,10,3,5,1,0,0,0,1,1,1,4,4
20,19,0,43,14,9,10,10,12,35,6,6,6,7,3,7,7,0,0,0,0,0,1,3,3
11,15,0,35,8,3,7,9,16,35,5,5,2,6,6,8,3,0,0,0,0,1,1,4,4
25,14,0,47,9,11,17,10,6,27,10,9,3,6,6,4,1,0,0,1,1,1,0,5,2
21,21,2,33,14,9,14,12,17,39,8,9,4,6,6,6,5,0,0,1,0,1,1,4,4
14,31,3,23,10,9,9,8,11,23,5,9,4,7,4,10,7,0,0,0,1,1,1,4,4
14,18,0,27,10,8,7,6,18,31,7,8,4,2,3,6,8,0,0,0,1,1,1,3,5
12,12,2,22,11,13,11,11,20,36,6,7,7,7,6,10,10,0,0,1,1,1,1,4,4
11,13,2,25,14,4,6,6,20,33,8,10,3,6,4,8,8,0,0,0,1,1,1,4,5
19,23,0,34,13,7,12,10,15,33,7,7,4,7,9,7,6,0,0,1,1,1,1,4,5
15,18,3,36,6,6,7,8,17,37,7,10,6,7,6,8,8,0,0,1,1,1,1,4,5
12,12,0,33,6,7,13,11,21,39,8,6,3,4,6,6,8,0,0,1,1,1,1,4,4
21,25,1,25,12,8,9,12,14,29,8,6,8,8,5,6,6,0,1,0,0,1,1,4,4
16,19,3,45,9,8,7,8,19,18,7,7,3,4,9,8,7,0,0,1,1,1,1,5,5
16,16,2,35,11,13,13,10,12,44,6,4,8,7,5,6,6,0,0,1,0,1,1,4,4
16,9,1,34,17,10,15,13,16,31,5,10,6,9,8,8,10,0,0,1,0,1,1,5,5
17,17,3,42,15,13,18,13,13,31,5,7,9,7,5,8,8,0,0,0,0,1,1,4,5
13,11,3,32,8,4,11,7,17,24,5,4,7,5,3,10,10,0,0,1,1,1,1,5,4
21,14,0,44,13,8,9,9,13,32,6,5,7,6,6,5,5,0,0,0,1,1,0,4,2
18,22,0,55,24,8,12,7,8,29,5,6,8,7,4,3,3,0,0,1,1,1,1,4,3
16,17,0,42,16,15,18,7,16,35,5,5,9,6,8,9,10,0,0,1,0,1,0,5,5
15,21,0,30,15,10,13,7,15,28,5,4,2,4,8,8,7,0,0,1,0,1,1,2,3
23,18,0,55,15,14,14,13,11,42,9,9,9,10,7,7,6,0,0,0,0,1,0,4,4
22,23,1,21,11,13,9,11,14,30,6,5,9,6,4,6,4,0,0,0,1,1,0,1,3
18,23,3,49,17,12,15,13,8,18,7,8,6,6,4,6,7,0,0,0,1,1,1,1,2
24,28,0,28,18,11,13,11,11,18,6,6,6,6,6,5,2,0,0,1,1,1,0,4,4
8,15,0,28,5,5,4,5,10,28,9,10,5,10,2,8,8,0,0,1,1,1,1,4,4
19,25,0,33,15,11,9,11,11,26,6,6,7,6,6,8,7,0,0,0,0,1,1,1,3
17,24,0,28,15,9,9,11,15,22,5,5,3,3,9,4,6,0,0,0,0,1,1,2,3
18,24,0,19,15,9,9,6,16,24,7,6,4,7,6,5,5,0,0,1,0,1,1,5,4
20,24,0,50,11,8,11,10,15,39,8,8,7,7,6,7,7,0,0,0,0,0,0,4,3
17,10,2,43,9,11,15,9,6,38,6,7,6,6,7,7,6,0,0,1,0,0,1,4,4
13,8,2,40,15,4,18,8,13,33,9,8,8,6,2,10,10,0,0,1,0,1,1,4,4
16,21,3,23,15,9,10,11,9,20,8,7,4,6,7,4,4,0,0,0,0,1,1,5,5
18,22,0,25,13,14,9,12,16,28,5,6,6,7,5,7,6,0,0,1,0,1,1,3,4
13,14,2,30,9,4,7,7,20,34,6,8,5,8,7,8,7,0,0,1,0,1,1,4,4
18,29,0,23,21,14,16,16,11,21,8,6,10,10,3,6,4,0,0,1,0,0,1,3,3
14,9,1,40,13,11,11,6,17,42,8,5,10,7,8,5,7,0,0,0,0,1,1,4,4
17,17,0,39,12,6,6,7,14,20,8,9,6,4,5,7,8,0,0,1,0,1,1,4,4
19,26,0,19,12,6,9,6,15,33,6,8,3,5,7,7,6,0,0,0,0,1,1,3,3
14,12,2,27,6,9,5,6,15,36,8,5,4,6,6,8,9,0,0,1,0,1,0,5,5
15,10,1,51,18,14,14,17,6,27,7,9,7,5,6,8,8,0,0,1,0,0,1,3,3
14,17,1,24,5,7,9,9,13,30,4,10,9,6,5,4,5,0,0,1,1,1,0,3,3
20,15,0,32,19,13,15,15,14,31,6,9,9,7,4,7,9,0,0,1,0,1,1,2,2
18,24,0,20,8,9,8,9,15,36,7,7,5,6,6,6,6,0,0,1,1,1,0,3,4
21,24,0,29,9,7,9,5,14,41,6,8,4,3,7,7,10,0,0,1,0,1,1,5,5
20,28,0,24,14,9,10,12,21,27,6,7,6,7,7,4,6,0,1,0,1,1,1,4,3
18,14,0,24,15,6,10,4,23,27,6,10,8,2,4,10,10,0,0,1,1,1,1,5,5
13,28,0,32,21,10,4,3,21,39,6,6,6,6,9,8,8,0,1,1,0,1,1,5,5
23,23,2,22,18,8,13,11,18,36,6,7,6,5,5,7,5,0,0,0,0,1,0,4,5
24,15,0,29,8,8,17,9,14,33,10,10,3,10,10,9,10,0,0,0,0,1,1,4,3
24,18,0,38,11,9,8,7,18,38,6,8,4,6,5,5,5,0,0,1,0,0,1,4,5
18,24,0,35,15,12,11,13,20,28,6,5,5,6,5,7,7,0,0,0,0,1,0,4,4
14,20,3,23,11,11,15,11,15,35,6,8,6,6,6,7,7,0,1,1,0,1,0,4,4
15,20,0,37,11,10,10,10,12,31,6,8,7,7,6,7,10,0,0,1,1,0,1,5,4
18,18,0,46,13,9,15,9,10,34,6,9,4,7,6,4,4,0,0,0,1,1,1,2,4
15,8,1,39,6,4,10,5,5,42,9,7,3,6,8,10,10,0,0,1,1,1,0,4,4
12,19,0,38,15,13,19,15,17,18,8,3,8,8,8,8,8,0,0,0,0,0,1,4,5
19,23,0,48,11,11,12,11,7,30,6,8,5,4,7,9,8,0,0,0,1,1,1,2,3
16,14,0,51,12,15,11,9,14,39,8,8,8,10,5,6,8,0,0,0,0,1,0,2,3
18,26,0,28,8,10,6,9,15,27,4,8,8,8,6,9,2,0,0,0,0,1,0,3,3
15,8,3,47,7,5,11,5,11,37,5,6,8,7,7,8,8,0,0,1,1,0,1,4,5
13,19,0,24,13,8,7,8,16,32,8,8,5,6,7,8,8,0,0,1,1,1,1,5,4
14,23,1,35,7,6,12,6,11,32,7,10,3,4,10,5,3,0,0,1,1,1,1,3,3
23,19,0,26,6,10,10,6,10,44,9,8,4,8,6,7,7,0,0,1,1,1,0,2,1
20,10,2,55,9,7,10,12,11,44,9,10,5,6,9,10,8,0,0,1,0,0,1,3,4
27,22,1,45,10,7,12,11,21,39,6,6,5,7,5,7,4,0,0,1,1,1,0,4,5
20,22,0,31,12,10,6,6,15,45,10,7,4,8,5,8,10,0,0,1,0,1,1,4,4
14,18,0,43,16,12,15,12,6,31,6,8,8,6,2,3,1,0,0,0,1,0,1,3,4
13,10,2,37,17,8,13,12,15,33,6,7,7,10,9,8,8,0,1,1,0,1,1,5,5
18,24,2,30,15,12,12,12,15,27,6,6,6,6,6,6,5,0,0,0,1,1,0,3,3
15,8,3,30,9,5,12,8,19,45,6,6,4,5,5,10,10,0,0,1,1,1,0,4,4
20,12,2,31,17,6,13,10,15,36,9,8,9,9,5,7,7,0,0,1,1,1,1,5,5
16,24,1,46,9,6,9,7,12,33,7,7,6,6,7,1,1,0,0,1,1,1,1,5,5
17,15,0,38,5,8,12,8,11,40,7,10,3,6,9,3,6,0,0,1,0,1,1,4,4
23,21,0,37,14,15,8,12,13,35,8,8,4,6,5,6,7,0,0,0,0,1,1,2,4
18,12,0,45,18,9,14,10,5,23,6,6,8,7,5,6,6,0,0,0,0,0,0,1,4
20,20,1,39,6,8,9,4,19,29,8,4,5,2,5,4,3,0,0,1,1,1,1,4,5
16,17,0,34,9,9,11,8,20,32,6,6,2,7,8,7,5,0,0,0,1,1,1,4,5
24,11,0,46,23,10,15,13,12,39,7,10,10,5,7,10,1,0,0,1,1,1,0,4,5
12,13,0,21,11,7,17,9,15,35,9,6,5,7,5,9,9,0,0,1,0,1,0,4,5
17,27,0,28,15,12,13,12,14,40,7,7,6,6,7,6,6,0,0,0,1,1,1,3,3
17,23,0,21,16,13,10,9,16,25,5,5,6,6,5,4,4,0,0,0,0,1,0,3,3
10,12,0,55,16,9,12,11,5,24,8,8,5,6,7,7,7,0,0,0,1,1,1,3,3
13,24,0,30,5,12,9,9,15,27,5,6,6,6,7,5,6,0,0,1,0,0,1,3,3
12,12,3,19,5,5,14,4,15,33,8,9,5,7,6,10,10,0,0,1,1,1,1,4,5
20,27,2,32,10,10,3,9,18,37,6,8,6,6,6,1,4,0,0,1,1,1,1,5,5
18,20,1,49,7,9,14,12,11,31,7,9,6,8,3,3,5,0,0,1,1,1,1,4,4
25,19,1,36,9,7,13,7,13,38,8,8,7,5,5,4,5,0,0,1,0,1,1,4,4
9,9,3,43,12,9,13,9,12,31,7,8,4,8,5,10,10,1,0,1,1,1,1,4,4
12,8,1,50,18,4,11,10,8,25,6,9,4,6,9,7,7,0,0,0,0,1,1,3,3
19,17,0,30,8,7,12,4,14,42,8,8,4,4,5,8,8,0,0,0,0,0,1,3,3
20,16,1,34,14,12,11,10,10,40,8,6,9,8,6,1,5,0,0,0,1,1,0,2,4
20,16,0,51,19,8,11,9,5,34,3,9,8,7,3,6,6,0,0,0,0,1,0,2,2
19,23,0,55,12,10,17,4,10,35,7,6,2,7,9,7,3,0,1,0,0,0,1,5,4
23,25,2,41,12,8,8,10,9,31,8,10,5,6,6,5,3,0,0,1,1,1,1,3,4
18,15,1,38,12,10,14,12,13,45,9,6,4,6,4,10,10,0,0,1,1,0,1,2,3
25,24,0,55,15,12,13,12,5,36,10,9,6,7,6,10,10,0,0,1,1,1,1,3,2
12,10,0,49,22,10,8,10,9,25,7,10,10,8,2,10,10,0,0,1,0,1,1,3,4
21,27,1,35,5,8,10,14,14,33,4,5,6,5,7,4,3,0,0,1,1,1,1,2,3
20,24,0,43,18,13,14,12,7,33,7,7,10,8,9,1,1,0,0,0,0,0,0,4,4
12,18,0,43,11,12,12,9,13,30,9,9,3,4,9,7,8,0,0,1,0,1,1,3,4
17,24,0,34,14,10,9,12,15,37,6,6,5,4,5,9,7,0,0,1,0,1,1,2,2
14,14,3,32,7,6,5,7,15,45,9,7,5,6,10,6,7,0,0,1,0,1,1,5,5
25,19,2,25,6,11,11,11,9,42,8,5,3,7,6,7,9,0,0,0,0,0,1,1,2
18,16,0,20,9,5,12,8,17,29,6,7,5,6,7,7,7,0,1,1,0,0,1,4,4
25,8,0,34,13,9,10,10,17,34,6,8,5,9,3,5,7,0,0,0,0,1,1,3,4
22,20,0,38,5,6,10,6,15,33,9,10,2,6,10,4,5,1,0,1,0,1,1,5,1
19,18,2,45,6,10,14,13,16,27,8,9,4,5,5,7,7,0,1,1,0,0,0,4,2
17,24,0,45,7,14,7,10,24,42,6,8,5,6,8,10,10,0,0,1,0,1,1,5,4
18,22,2,39,11,9,10,9,9,37,7,9,5,8,7,2,2,0,0,1,1,1,1,4,4
18,17,1,34,8,7,10,5,20,40,9,10,4,5,6,8,9,0,0,0,0,1,0,4,5
15,23,0,42,8,9,7,11,6,28,6,10,5,9,9,4,5,0,0,0,1,0,1,4,3
18,23,0,23,15,9,11,8,17,27,6,8,7,7,10,7,7,0,0,0,0,0,1,3,4
20,22,2,36,8,13,10,14,14,23,7,4,8,10,3,7,3,0,0,1,1,1,1,4,4
25,9,2,41,16,11,11,15,14,27,8,10,6,4,9,10,8,0,0,1,0,1,1,3,4
21,29,0,36,9,3,4,3,22,41,8,10,2,8,7,9,8,0,0,1,0,0,1,4,4
12,14,2,34,6,11,10,11,14,35,7,5,5,8,5,7,8,0,0,1,1,1,1,4,4
21,17,0,51,13,10,14,12,16,44,10,7,5,7,6,7,6,0,1,0,0,1,1,3,4
16,20,0,40,20,10,18,14,20,36,6,7,6,6,6,6,6,0,0,1,1,1,1,4,4
17,15,2,35,9,7,11,4,14,31,7,7,2,5,7,7,10,0,0,0,0,1,1,5,4
18,19,1,41,10,9,10,7,7,30,5,9,6,10,8,6,6,0,1,0,0,1,1,2,2
14,23,0,45,12,9,13,10,5,26,5,5,6,6,6,9,9,0,0,1,1,1,1,4,4
14,12,1,52,7,5,6,8,14,42,10,10,8,7,4,8,8,0,0,1,0,1,1,5,5
17,24,1,27,15,6,8,7,15,28,8,7,5,7,6,6,6,0,0,0,1,1,1,4,5
14,19,2,33,7,6,11,7,13,32,9,8,9,3,6,7,7,0,1,1,1,1,1,4,5
23,13,0,50,16,11,12,8,7,27,4,9,8,5,4,1,1,0,0,0,1,1,1,5,5
16,14,0,32,17,13,14,11,16,36,6,9,8,9,4,9,9,0,0,1,0,1,1,4,4
17,22,0,44,5,9,11,10,11,27,8,7,5,5,7,5,5,0,0,1,0,1,0,2,4
14,14,1,39,14,11,11,11,12,39,9,4,3,9,6,10,10,0,0,1,0,1,1,4,3
12,10,0,29,9,10,7,12,12,36,9,9,4,9,6,5,7,0,0,0,0,1,1,3,2
19,15,1,18,6,8,8,7,19,36,9,8,2,7,9,10,10,0,0,1,1,1,1,5,5
19,17,3,21,18,10,12,12,21,44,6,7,4,6,5,9,8,0,0,1,1,1,1,5,5
19,21,2,34,5,10,11,12,16,33,8,8,7,5,6,7,5,0,0,1,0,1,1,4,3
14,13,0,42,13,8,9,9,14,37,7,7,5,5,7,8,8,0,0,1,1,1,1,5,5
19,20,1,34,18,12,13,11,15,26,6,9,9,9,3,1,4,0,0,1,0,0,0,4,4
29,10,0,40,9,7,7,5,21,36,6,6,6,7,8,8,7,0,0,1,1,1,1,5,5
22,16,0,44,18,11,13,13,16,39,8,10,4,6,5,9,6,0,0,0,1,1,1,3,3
12,13,0,36,10,11,9,9,14,36,6,7,5,7,8,6,10,0,0,0,0,1,1,4,4
17,12,3,26,5,11,9,5,20,45,8,6,7,6,7,10,10,0,0,1,0,1,1,4,4
17,17,3,47,15,13,16,13,13,39,6,10,8,8,5,9,7,0,0,1,0,0,0,4,5
13,20,0,40,12,9,15,11,13,33,3,4,7,6,8,7,10,0,0,1,0,1,0,4,4
20,24,0,40,11,14,9,10,16,38,6,4,5,6,4,7,8,0,0,0,0,1,1,3,1
16,24,0,30,15,12,12,12,15,27,6,6,6,6,6,5,5,0,0,1,1,1,1,3,3
16,15,0,44,13,10,14,10,9,23,5,7,7,7,6,8,7,1,1,0,0,1,1,3,3
16,15,0,46,11,11,3,7,9,37,8,7,7,3,6,5,8,0,0,0,1,0,0,4,4
17,20,3,46,16,16,7,15,12,34,6,7,5,7,3,10,10,0,0,1,1,1,1,4,5
12,14,2,38,14,10,13,10,10,34,9,7,8,10,8,8,7,0,0,1,0,0,0,4,4
18,24,0,30,15,12,12,12,15,27,6,6,6,6,6,5,5,0,0,1,0,1,1,3,3
24,20,1,47,8,8,7,4,7,42,8,10,3,5,5,5,6,0,0,0,0,1,1,3,2
11,8,0,53,12,14,8,8,15,35,9,6,2,6,8,10,9,0,0,1,1,1,1,5,3
22,19,0,40,14,8,12,9,8,35,6,7,8,6,6,4,2,0,0,1,1,1,1,3,5
18,24,0,48,25,10,14,11,12,43,9,10,6,7,10,10,10,0,0,1,1,1,0,1,1
25,19,1,37,9,11,17,7,15,32,6,9,5,4,10,3,7,0,0,0,1,1,1,2,4
17,18,0,34,10,8,10,10,18,39,9,8,6,7,6,7,7,0,0,1,0,1,1,4,4
18,18,0,39,11,11,8,6,12,39,6,7,6,9,8,6,7,1,0,1,0,0,1,4,4
12,15,2,36,7,16,15,16,15,29,8,6,3,2,3,8,7,0,0,1,1,1,0,4,4
19,24,1,36,16,12,14,12,14,28,5,7,7,5,5,8,7,0,0,1,1,1,1,2,2
19,26,1,49,20,13,12,9,16,39,4,7,5,6,7,6,8,0,0,0,1,1,1,3,3
18,17,1,55,17,10,15,13,9,32,8,6,6,7,6,5,5,0,0,0,0,0,1,2,3
21,19,0,35,18,11,14,12,11,29,7,7,6,8,7,3,4,0,0,0,1,1,0,3,3
16,22,0,25,18,9,12,10,8,29,7,7,6,3,7,5,4,0,0,1,1,1,0,4,4
24,23,0,34,17,8,13,8,11,38,9,8,7,5,6,5,5,0,0,0,0,1,1,3,4
8,19,3,29,11,10,14,8,13,25,6,4,8,9,2,5,5,0,0,1,1,1,0,4,5
15,15,3,35,8,5,6,6,20,35,9,9,5,4,6,4,6,0,0,0,0,1,1,4,5
19,19,3,38,13,10,13,11,11,20,7,6,9,7,6,8,8,0,0,0,0,1,1,4,3
19,23,0,51,22,8,14,12,9,33,7,10,9,7,9,1,1,0,0,0,1,1,1,1,5
17,20,1,29,21,14,7,11,8,29,4,8,5,5,7,9,9,0,0,0,1,0,0,1,1
19,26,0,37,17,11,14,12,18,31,5,7,5,7,6,6,8,0,0,0,1,1,1,3,4
18,24,0,33,5,3,3,3,20,42,8,9,4,5,7,6,7,0,0,1,0,1,1,4,5
23,13,1,27,15,12,17,8,15,33,9,3,6,4,3,7,8,0,0,1,1,0,1,4,4
20,12,0,40,8,11,16,11,15,39,8,8,7,6,4,5,5,1,0,1,0,1,1,2,4
18,13,0,33,7,12,10,9,17,40,9,10,6,6,7,10,6,0,0,0,1,1,1,4,4
20,25,1,35,7,10,12,9,17,37,8,8,3,5,8,5,5,0,0,1,0,1,1,3,4
17,11,3,23,9,6,9,6,18,37,9,8,7,10,4,5,7,0,1,1,0,0,1,4,4
19,24,0,33,16,12,13,11,15,31,5,6,6,6,7,5,6,0,0,0,1,1,1,3,3
19,25,1,30,18,11,11,11,13,38,4,9,4,7,3,7,7,0,0,1,1,1,1,4,4
16,18,0,16,9,6,12,7,13,29,6,10,6,5,5,9,10,0,0,1,0,1,1,5,4
14,11,0,49,5,10,5,4,12,33,7,9,5,6,6,7,7,0,0,1,0,1,1,4,4
18,18,2,27,9,9,12,9,16,27,7,8,4,8,7,5,6,0,0,0,1,1,1,4,4
17,24,2,35,10,14,15,14,8,21,6,9,2,10,7,5,8,0,0,0,1,0,0,2,2
18,16,3,40,18,11,14,13,10,30,7,9,9,10,3,8,8,0,0,1,1,1,1,5,5
19,19,0,37,8,10,11,9,16,32,6,8,5,7,7,4,3,0,0,1,0,1,1,4,4
19,18,0,34,18,13,12,12,21,45,8,10,4,10,7,8,8,0,0,1,1,1,0,5,5
20,20,2,16,10,7,7,6,15,34,6,7,8,4,6,7,5,0,0,1,0,1,1,5,5
18,18,0,38,20,10,11,10,6,37,8,8,8,4,5,7,7,0,0,1,1,1,1,2,3
16,15,1,14,9,13,9,11,19,45,6,7,2,9,9,3,3,0,0,1,1,1,1,4,4
23,23,0,46,19,12,16,14,11,31,4,7,8,6,3,5,5,0,0,0,0,1,1,4,3
9,8,0,55,14,8,11,11,5,34,7,10,3,7,10,1,1,0,0,0,1,0,1,2,2
23,21,1,36,5,10,12,9,15,36,8,9,5,6,7,5,7,0,0,1,1,1,1,4,4
10,8,1,26,10,6,11,8,9,41,8,9,6,9,7,10,10,0,1,1,0,1,1,4,4
17,19,1,42,13,5,13,8,16,37,10,5,2,6,9,7,5,1,0,0,0,1,1,4,4
15,17,0,24,13,12,14,14,15,33,6,5,8,7,6,5,5,0,0,1,0,0,1,3,3
14,23,3,35,15,10,12,9,23,33,9,8,8,7,8,4,3,0,0,1,1,1,0,4,5
9,8,3,41,15,13,12,12,7,36,5,7,6,6,3,9,9,0,0,1,0,1,1,4,3
18,22,1,43,15,10,16,10,8,37,5,5,6,7,6,8,7,0,0,0,1,1,1,1,2
20,19,0,40,17,9,10,10,11,41,4,5,9,10,6,8,8,0,0,0,0,1,1,5,5
19,10,1,38,8,7,11,9,17,43,8,9,4,4,6,9,10,0,0,1,1,1,1,4,4
19,12,0,34,16,12,12,8,12,42,10,10,5,6,8,5,5,0,0,0,0,1,1,4,3
15,11,0,50,21,11,21,9,6,35,8,8,6,6,5,10,6,0,0,1,0,0,1,3,4
16,20,0,38,19,12,14,11,12,27,8,6,7,6,4,6,6,0,0,1,0,1,1,3,3
18,16,0,48,5,13,14,8,9,36,9,9,3,7,5,6,9,0,0,1,1,1,0,4,4
20,15,0,39,8,9,12,6,20,45,7,9,4,8,8,8,3,0,0,1,1,1,1,5,5
7,9,1,36,21,8,6,8,11,39,5,7,10,6,5,8,9,0,0,1,0,1,1,5,4
14,28,2,34,17,12,12,12,11,34,7,5,4,3,7,1,1,0,0,1,1,1,0,5,5
21,10,0,50,8,11,12,8,9,32,7,8,8,5,9,7,6,1,1,1,0,1,1,3,3
21,23,0,35,15,6,17,13,15,39,8,6,4,7,6,10,6,0,0,0,1,1,1,2,2
15,9,3,47,5,8,14,6,10,34,9,9,4,8,8,10,10,0,0,0,1,0,0,3,3
19,21,1,38,12,11,14,10,17,38,8,8,9,9,7,4,5,0,0,1,0,1,1,4,4
24,12,0,49,15,6,15,11,6,41,9,8,8,8,7,2,2,0,1,1,1,1,0,5,5
17,28,3,32,17,10,16,12,11,30,8,6,6,6,6,5,6,0,0,1,1,1,1,4,4
13,11,0,46,17,16,14,17,16,36,4,10,8,5,3,1,1,0,0,0,1,0,1,4,5
21,18,0,43,19,12,12,12,9,35,10,9,9,10,4,4,4,0,0,0,0,1,0,4,4
19,23,0,36,6,5,5,7,9,22,4,9,4,7,6,10,8,0,0,0,1,1,1,4,3
23,14,0,40,8,6,18,8,17,45,9,7,2,9,2,10,9,0,0,0,0,1,1,3,4
16,17,2,22,7,5,13,5,18,36,9,8,5,9,7,8,8,0,0,1,1,1,1,4,4
18,24,0,24,15,12,12,12,22,27,6,6,6,6,6,5,5,0,0,1,0,1,1,3,3
22,21,0,45,13,4,5,8,20,38,6,10,7,10,6,5,5,0,0,1,1,1,1,4,4
18,23,1,47,10,9,8,9,15,24,6,6,7,6,7,1,1,0,1,0,1,1,1,3,3
13,8,3,29,16,12,21,17,5,33,5,4,9,6,3,7,9,0,0,1,0,0,1,4,4
16,10,0,50,5,10,14,12,13,41,10,7,6,8,9,8,8,0,0,0,0,1,1,5,5
21,20,3,36,18,11,18,14,10,33,8,8,8,10,8,4,5,0,0,0,0,1,1,3,3
23,19,3,44,16,6,7,8,16,28,8,5,6,7,7,9,4,0,0,1,1,1,1,3,5
22,16,3,31,6,7,5,5,14,33,7,8,6,2,3,8,3,0,0,1,0,1,0,4,5
23,18,1,52,14,12,12,14,7,31,8,9,4,6,7,3,2,0,0,1,1,1,0,4,5
16,23,0,40,15,9,13,13,16,27,8,5,8,8,5,8,7,0,0,0,0,1,1,5,3
21,25,0,39,20,10,15,12,10,30,6,5,6,5,4,8,8,0,0,1,1,1,1,3,4
18,24,0,30,15,12,12,12,15,27,6,6,6,6,6,5,5,0,0,1,1,1,1,3,3
19,15,1,40,6,15,19,15,16,40,5,7,9,7,5,8,8,0,1,1,1,1,1,4,5
22,20,2,41,11,8,13,8,20,41,8,7,8,8,6,7,6,0,0,1,0,1,0,5,5
15,19,0,29,6,8,9,7,16,36,9,9,2,7,7,6,5,0,0,0,1,1,1,2,4
17,19,1,40,17,11,15,6,11,30,5,6,10,7,4,5,5,0,0,1,0,1,0,3,3
11,11,0,50,11,6,12,9,7,43,9,8,2,6,10,5,7,0,0,0,1,1,1,4,4
19,21,2,27,12,8,7,9,17,35,7,5,6,7,8,8,7,0,0,0,1,1,0,2,3
22,14,0,55,5,15,12,17,9,45,9,9,3,6,3,5,5,0,0,1,0,1,1,3,3
22,24,0,32,17,11,12,12,10,28,7,6,6,5,7,5,5,0,0,0,0,0,0,2,2
12,12,2,34,13,10,14,11,10,36,6,7,5,9,6,8,9,0,0,1,1,1,1,4,4
11,23,3,26,7,13,11,9,10,30,8,8,7,10,2,5,7,0,0,1,1,0,1,4,3
14,8,0,19,5,4,8,4,20,43,9,10,2,9,6,6,8,0,0,1,0,1,1,5,5
18,25,0,31,14,12,10,11,11,23,5,8,9,6,7,5,5,0,0,1,1,1,0,5,5
23,25,0,34,20,11,14,11,10,26,6,5,8,7,7,7,4,0,0,1,0,1,0,4,5
18,24,1,17,25,15,3,9,25,45,6,6,6,6,6,10,10,0,0,1,1,1,1,5,5
20,21,0,43,23,10,17,10,18,40,7,9,9,6,5,10,7,0,0,1,0,1,1,4,5
14,20,1,35,12,12,7,9,14,29,5,6,6,8,6,5,7,0,0,1,0,1,1,3,3
18,25,0,29,15,11,9,10,14,28,4,6,6,5,7,4,5,0,0,0,1,1,0,4,2
25,15,1,32,14,7,10,8,10,36,9,10,2,9,6,4,3,0,0,0,0,0,0,5,5
18,24,1,30,15,12,12,12,15,26,7,6,6,6,6,5,5,0,0,0,0,1,0,2,3
23,20,1,45,17,8,14,8,19,39,8,7,6,5,6,10,10,0,0,1,1,0,0,5,5
23,17,2,37,16,8,5,10,15,32,9,7,5,7,5,9,10,0,0,0,0,0,0,3,4
17,20,2,40,17,9,13,10,6,31,6,5,9,9,3,6,5,0,0,0,0,1,1,3,4
22,20,0,49,15,3,4,3,8,38,10,10,2,6,8,5,4,0,0,1,1,1,0,2,2
15,15,2,33,10,6,7,7,15,39,7,8,5,8,10,10,10,0,1,1,0,0,1,4,3
16,8,0,31,16,11,9,14,19,36,7,8,5,4,5,8,8,0,0,1,0,1,1,5,5
23,26,0,43,17,6,6,7,5,20,5,7,7,6,6,10,4,0,0,0,0,1,1,1,2
28,25,0,44,18,13,11,14,16,44,8,6,7,3,6,5,5,0,0,0,0,1,1,3,4
19,18,0,41,17,10,9,12,6,35,6,6,7,7,6,5,7,0,0,0,0,1,1,4,4
18,23,0,25,9,6,16,13,7,43,6,5,2,6,6,1,1,0,0,1,0,1,0,3,5
15,15,0,39,19,14,11,14,8,24,9,10,7,5,6,5,6,0,0,0,0,1,0,3,3
25,15,0,54,13,9,15,9,10,45,7,10,8,6,2,10,10,0,0,0,0,0,1,1,2
16,14,0,39,21,9,15,11,13,36,9,5,9,7,4,6,7,0,0,1,0,1,0,2,2
18,19,0,35,14,9,10,7,18,45,9,10,6,8,7,7,8,0,0,1,1,1,0,4,4
14,15,0,31,8,7,10,5,13,36,8,10,8,6,6,8,8,0,0,1,0,1,1,4,4
19,23,2,28,12,14,11,11,12,31,7,7,6,8,5,4,3,0,0,1,1,1,0,3,3
18,24,1,21,15,11,16,14,16,34,5,8,7,5,7,8,8,0,0,1,0,1,1,3,3
23,15,0,29,17,11,6,13,15,37,6,10,9,8,6,8,9,0,0,1,0,0,0,3,4
18,8,1,34,12,5,13,3,7,38,6,7,9,6,10,10,10,0,0,1,0,0,0,5,4
18,13,0,38,15,7,6,7,13,27,7,7,5,6,8,7,5,0,0,1,1,1,1,3,3
23,20,0,54,14,12,13,11,7,37,3,5,2,6,6,4,4,0,0,1,0,1,0,4,4
16,22,0,36,8,9,14,9,13,22,8,5,6,8,6,6,3,0,0,1,1,1,0,4,4
12,12,0,35,19,9,10,6,15,42,5,7,5,5,9,7,8,0,0,1,0,1,1,4,5
17,24,1,37,5,8,11,10,13,42,9,4,7,9,9,5,5,0,0,1,0,1,0,3,3
18,24,0,32,5,12,12,12,15,27,6,6,6,6,6,8,8,0,0,1,1,1,1,3,3
20,13,0,33,10,10,12,7,9,40,10,6,9,9,10,8,8,0,0,0,0,1,1,4,4
17,23,0,40,22,8,20,15,24,42,7,7,6,5,6,10,10,1,1,1,1,1,1,5,4
11,17,0,46,17,7,13,11,5,14,6,7,3,6,6,3,3,0,0,1,1,0,1,4,4
16,19,0,37,13,11,12,10,12,35,8,6,8,8,7,7,7,0,0,1,1,1,1,3,3
14,21,3,26,23,8,15,12,12,28,5,10,8,10,3,10,10,0,0,1,0,1,1,4,3
12,25,3,43,16,9,12,9,12,26,4,5,6,8,2,4,6,0,0,0,1,1,0,4,3
17,14,1,40,16,10,14,10,18,36,6,7,8,8,8,8,10,0,0,1,1,1,1,4,4
22,22,0,38,12,10,13,12,16,39,6,10,6,7,7,9,7,1,0,0,0,1,1,5,4
19,13,0,43,13,9,12,9,11,36,6,9,7,7,6,6,6,0,0,1,1,1,1,4,4
17,21,1,43,14,12,12,11,13,34,7,8,5,7,5,3,5,0,0,0,0,1,1,2,3
17,22,1,39,5,7,9,7,17,27,8,9,2,6,6,8,8,0,0,1,1,1,1,4,4
26,25,1,54,5,8,7,8,10,41,6,6,4,6,5,6,6,0,0,1,0,0,1,3,3
18,29,0,42,16,9,11,10,12,38,6,9,6,8,6,1,1,0,0,1,0,1,0,5,4
18,26,0,35,15,7,8,10,25,41,8,7,5,6,7,7,10,0,0,1,0,0,1,5,5
17,24,0,35,11,8,12,10,19,27,6,6,6,6,6,5,10,0,0,1,0,1,1,1,3
17,21,0,25,11,12,10,8,21,37,3,5,4,6,6,7,5,0,0,1,0,1,1,4,5
27,14,2,38,16,13,14,11,18,36,4,7,8,7,4,8,9,0,0,1,0,0,1,3,3
18,23,2,33,18,12,13,11,12,25,6,6,5,6,6,5,5,0,0,0,1,1,1,2,2
20,23,1,34,7,9,14,13,10,34,8,8,4,6,4,2,2,0,0,1,1,1,1,2,2
18,21,1,33,12,11,11,11,11,30,8,7,4,7,7,4,4,0,0,0,1,1,1,3,4
21,22,0,39,20,10,19,12,23,38,8,4,4,7,6,8,10,1,1,1,1,1,1,4,5
19,8,0,34,5,12,10,6,21,41,10,9,6,10,7,6,10,0,0,1,0,0,1,4,4
11,19,1,35,16,14,17,15,15,18,6,6,5,6,6,10,8,0,0,1,1,1,1,4,4
17,10,2,25,5,12,12,12,24,43,9,8,3,6,8,8,7,0,0,1,1,1,1,5,5
18,18,0,51,14,5,11,6,21,45,7,5,4,6,5,10,8,0,0,1,0,0,1,4,4
17,26,0,43,13,6,5,11,16,34,7,10,3,6,7,1,1,0,0,1,1,1,0,3,4
19,29,0,39,19,11,15,11,21,36,6,7,5,5,6,9,7,1,1,0,1,1,1,5,3
19,20,0,36,13,8,10,9,15,36,9,9,6,9,9,3,5,0,0,1,0,1,1,5,5
22,22,2,33,9,7,6,6,19,31,9,9,3,6,7,7,5,0,0,1,1,1,1,3,4
20,17,1,43,20,12,13,12,11,42,7,8,10,9,5,5,5,0,0,0,0,1,1,2,2
21,24,0,43,21,11,18,14,22,39,5,7,4,6,5,7,10,1,0,1,1,1,1,5,5
16,18,2,37,16,10,14,12,16,35,4,6,8,6,8,7,7,0,0,1,0,0,1,4,4
21,22,0,31,21,11,18,14,22,39,5,6,6,4,6,8,10,1,1,1,1,1,1,4,5
17,16,0,31,9,6,12,5,11,33,8,9,4,7,6,9,10,0,0,0,0,1,1,2,4
20,19,0,50,17,5,13,7,12,31,5,4,8,8,5,5,5,0,0,0,1,1,1,4,3
15,18,2,32,5,11,4,6,17,45,10,8,3,3,9,8,7,0,0,1,0,1,1,5,5
15,19,3,33,15,14,15,14,13,25,8,8,8,6,7,7,6,0,0,0,0,1,1,4,4
16,28,2,45,8,12,15,11,7,29,6,7,7,9,8,4,5,0,0,0,0,1,1,4,3
7,14,2,28,5,9,12,8,17,45,10,7,3,9,3,9,9,0,0,1,1,1,1,4,4
20,15,0,35,5,5,5,3,19,44,7,6,2,2,10,7,10,0,0,1,0,1,1,5,5
22,20,3,41,7,4,8,12,21,31,5,7,3,6,7,7,10,0,0,1,0,1,1,5,5
20,10,0,36,6,8,9,6,15,45,7,9,6,7,8,5,4,0,0,1,0,1,0,4,5
15,18,0,39,5,12,12,13,17,42,6,5,8,8,8,7,7,0,0,1,0,1,0,4,4
19,20,2,28,11,15,11,12,13,28,5,6,6,6,6,4,4,0,0,0,0,1,1,3,4
22,22,0,33,18,15,12,14,14,34,6,7,8,7,4,8,8,0,0,1,0,1,0,3,3
16,19,0,29,18,8,8,10,15,28,7,4,7,5,6,6,4,0,0,0,1,1,1,1,5
19,16,2,24,12,7,13,5,22,32,6,7,4,9,6,8,10,0,0,1,1,1,1,5,5
11,22,0,48,21,12,10,4,8,34,9,9,3,6,5,8,4,0,0,1,1,1,0,5,4
14,9,2,29,8,11,12,12,19,35,7,5,6,5,5,10,10,0,0,1,0,1,0,4,5
12,16,0,34,11,10,13,6,16,43,10,7,5,7,6,7,7,0,0,1,1,1,0,4,4
16,21,0,33,15,12,12,12,13,25,5,6,6,6,7,4,6,0,0,0,0,1,1,2,2
28,14,0,45,22,5,7,4,16,29,6,7,6,7,10,10,5,0,0,0,0,1,1,3,4
19,13,0,43,17,11,11,12,16,31,7,5,7,9,3,4,5,0,0,1,1,1,0,3,4
18,21,0,44,17,10,14,11,8,38,6,6,7,5,7,10,10,0,0,1,0,1,1,1,1
19,16,2,34,9,7,9,7,13,21,8,5,5,7,5,8,8,0,0,1,0,1,0,4,5
14,18,2,31,12,9,9,9,17,28,5,7,9,7,9,8,7,0,0,1,1,1,0,4,4
22,16,2,34,12,9,13,9,18,35,9,8,3,6,5,8,8,0,0,1,0,0,1,5,5
14,17,1,43,11,10,13,7,15,21,3,5,9,6,5,5,5,0,0,0,0,0,0,3,3
21,24,0,30,22,11,14,15,15,25,7,5,6,7,7,10,5,0,0,0,1,1,0,3,3
20,22,0,44,20,11,12,13,16,36,7,7,6,7,5,8,9,0,0,1,0,1,1,3,4
17,23,1,36,11,9,8,8,16,30,7,7,7,6,8,6,7,0,0,0,0,0,1,4,4
19,20,1,32,18,12,12,12,17,35,7,9,5,8,7,9,5,0,0,0,0,1,1,5,5
12,13,3,46,25,9,12,13,16,33,3,8,10,6,2,8,7,0,0,1,0,1,1,4,4
20,22,0,46,10,8,8,7,10,34,7,8,5,7,9,6,5,0,0,1,0,1,1,2,1
9,10,0,55,15,6,7,13,5,33,6,10,4,8,8,1,1,0,0,0,0,0,1,2,2
12,19,0,43,5,4,8,5,16,26,8,6,4,6,6,8,7,0,0,1,0,1,1,4,4
7,8,3,37,20,19,19,19,9,35,5,2,8,6,4,7,10,0,0,1,0,1,0,4,4
16,17,1,34,17,11,16,15,13,38,7,5,9,5,3,7,5,0,0,1,1,1,0,4,3
17,21,0,33,13,12,10,13,15,26,6,5,7,7,6,6,5,0,0,1,0,1,1,3,3
12,15,1,31,14,9,13,9,21,42,8,6,6,6,9,7,10,0,0,1,0,1,1,4,5
18,22,0,37,24,8,21,15,25,43,6,6,6,6,6,10,10,1,1,1,0,1,1,5,5
19,24,0,30,15,13,13,13,18,25,4,8,6,6,8,4,4,0,0,0,0,1,1,4,4
12,8,1,33,12,8,14,8,13,39,7,5,10,10,6,10,9,1,0,1,0,1,0,5,5
20,15,0,48,18,10,20,14,11,28,7,8,6,6,7,4,6,0,0,1,1,1,1,3,5
11,12,0,49,10,6,9,7,9,33,7,6,9,7,4,1,5,0,0,0,0,1,0,3,4
19,16,0,41,17,9,6,6,19,45,9,9,7,7,7,5,5,0,0,1,1,1,0,4,2
21,23,1,32,7,11,6,7,13,38,8,7,6,6,8,5,10,0,0,0,1,1,1,3,4
16,24,1,20,15,13,9,11,15,18,6,6,7,5,5,3,6,0,1,0,1,1,1,2,3
18,17,0,30,11,8,11,7,17,35,7,8,4,6,7,6,4,0,0,1,1,0,0,3,5
20,23,2,49,12,7,10,10,16,27,7,5,4,7,6,7,7,0,0,1,1,1,1,4,5
24,23,2,38,10,8,9,9,14,42,9,8,5,6,7,7,8,0,0,1,1,1,1,5,5
16,18,0,46,21,13,14,16,14,29,8,7,6,6,6,8,8,0,0,1,1,1,1,4,4
20,23,0,25,16,14,8,14,17,31,6,6,9,6,5,7,5,0,0,1,0,1,0,4,4
15,23,3,32,5,10,12,11,11,31,8,7,4,7,6,6,7,0,0,1,1,0,1,5,5
9,15,0,52,9,9,21,6,7,40,8,3,6,7,4,6,4,0,0,1,1,0,0,1,3
18,14,1,49,5,4,15,3,18,33,8,8,4,6,10,10,10,0,0,0,1,1,1,4,4
13,15,1,41,13,15,13,12,19,45,10,7,6,6,10,10,10,0,0,1,1,1,1,2,4
19,11,0,22,15,11,7,12,10,18,8,10,5,8,2,1,3,1,0,1,1,1,1,4,4
15,9,1,37,18,15,9,8,12,34,6,5,5,3,9,10,10,0,0,0,0,1,0,4,3
15,11,0,49,22,11,19,17,12,37,5,6,9,6,7,4,6,1,0,1,0,1,0,5,5
11,11,2,30,10,6,5,6,9,42,10,10,4,9,9,10,10,0,0,1,1,1,1,5,5
14,15,1,37,12,10,7,5,17,35,7,7,7,8,5,4,5,0,0,1,1,1,0,5,5
18,23,0,29,23,11,17,14,13,29,7,6,7,7,5,5,4,0,0,1,0,0,1,4,4
16,19,0,43,14,10,14,13,16,30,6,9,4,8,8,8,8,0,0,1,1,0,0,4,4
20,26,0,37,17,11,7,9,15,29,8,6,5,4,5,7,4,0,1,1,1,1,0,3,4
20,26,1,50,15,12,3,15,15,28,4,10,6,6,10,7,5,0,0,0,0,1,1,4,4
20,19,1,49,19,14,14,12,10,16,4,6,10,8,5,8,8,0,0,1,1,1,0,3,2
23,20,2,26,10,9,13,13,17,39,9,7,6,7,3,8,8,0,0,1,1,1,1,4,3
15,9,1,41,10,15,18,17,15,45,9,4,6,6,9,5,7,0,0,0,0,1,0,4,4
19,20,1,30,9,7,10,12,20,26,6,5,6,8,5,8,7,0,0,0,1,1,0,3,4
9,13,0,42,18,14,16,6,8,32,2,7,10,6,5,10,9,0,0,1,0,0,1,5,5
13,24,1,37,16,13,6,8,5,21,6,5,5,5,7,5,4,0,0,0,1,1,0,2,4
19,24,1,31,5,15,3,9,10,39,6,6,6,6,6,10,10,0,0,1,1,1,1,2,2
23,20,2,29,13,14,7,11,9,34,6,7,5,7,7,3,4,0,0,0,0,0,1,1,1
25,24,0,42,13,9,13,10,9,37,4,6,9,8,5,10,10,0,0,0,0,0,1,3,1
22,23,0,38,17,11,16,14,16,35,8,7,5,6,7,7,7,0,0,1,1,1,1,4,4
13,8,2,45,13,9,9,6,5,37,7,6,10,10,4,9,10,0,0,0,0,1,0,2,1
22,23,1,36,13,11,13,10,13,35,7,8,7,7,7,5,5,0,0,1,0,1,1,4,4
17,19,1,36,12,10,10,8,13,34,8,8,4,7,6,3,3,0,0,0,1,1,1,4,4
18,28,3,48,16,12,12,12,9,33,6,8,6,8,7,8,7,0,0,0,1,1,1,3,2
11,8,1,32,13,12,10,10,14,39,5,8,10,7,8,5,5,0,0,1,1,1,1,5,5
17,26,1,34,12,16,8,14,17,21,6,7,7,7,6,5,5,0,0,0,1,1,0,3,4
16,12,1,30,13,5,8,5,10,36,6,6,4,7,8,7,8,0,0,1,0,1,0,3,3
15,18,0,32,15,12,11,16,11,31,7,7,7,7,8,1,4,0,0,1,0,1,0,3,4
21,18,1,52,8,10,9,13,16,39,8,9,5,5,8,8,9,0,0,0,0,1,1,3,3
21,17,0,43,13,8,9,6,10,42,7,10,8,8,2,1,1,0,0,1,0,1,1,4,4
18,25,0,10,22,11,13,12,12,36,6,5,6,5,5,8,7,0,0,0,1,1,1,2,3
21,8,1,40,8,5,13,7,15,41,6,9,4,10,7,5,6,0,0,1,0,1,1,3,3
13,8,1,36,11,14,10,6,16,33,9,9,6,6,5,10,10,0,0,1,0,1,1,3,4
19,22,3,37,15,10,15,10,15,27,7,9,4,7,9,6,6,0,0,1,0,1,1,4,4
9,18,2,27,13,14,14,13,16,21,5,3,7,9,9,8,9,0,0,1,1,0,1,5,4
21,20,3,30,13,11,11,11,15,36,6,6,5,7,7,8,6,0,0,1,1,1,1,4,4
20,12,3,42,18,15,15,14,15,35,7,6,6,8,6,4,6,0,0,1,1,1,1,4,4
13,19,3,35,8,8,9,7,12,27,7,8,4,8,5,9,8,0,0,1,1,1,0,4,4
19,14,0,44,16,11,14,8,18,33,8,6,6,8,3,7,5,0,0,1,1,1,0,2,5
20,16,0,45,15,12,16,13,9,39,4,6,7,5,8,4,4,0,0,1,0,1,1,2,3
18,24,3,33,10,7,9,7,22,36,10,6,4,6,4,8,6,0,0,1,0,0,1,4,5
23,21,0,20,18,14,11,13,14,45,9,10,6,9,7,3,3,1,0,1,0,1,0,3,4
19,21,0,40,17,11,14,13,15,36,6,6,5,6,7,7,7,0,0,1,1,1,1,3,3
21,25,0,34,8,11,7,9,15,36,9,8,6,6,9,7,7,0,0,1,1,1,0,4,4
21,21,1,51,13,9,9,7,8,30,9,8,6,6,9,9,10,0,0,0,0,0,1,4,4
11,8,1,43,5,3,7,9,18,43,10,10,3,6,10,9,10,0,0,0,0,0,1,4,1
18,12,2,45,14,9,10,9,15,27,4,7,6,8,3,8,8,1,0,0,0,1,1,4,4
29,25,0,55,11,3,6,9,21,42,7,10,8,9,8,5,1,0,0,1,0,1,1,5,5
23,16,1,30,5,11,13,6,17,36,9,10,2,7,7,6,8,0,0,1,0,1,1,4,4
23,25,0,34,7,10,12,10,18,38,8,8,6,5,7,8,5,0,0,0,0,0,1,3,5
18,24,0,30,20,12,12,12,15,27,6,6,6,6,6,5,5,0,0,0,1,1,0,3,3
10,14,0,45,8,10,16,13,13,45,7,10,4,10,10,8,8,0,0,0,1,1,1,3,4
18,24,0,32,16,12,9,9,17,27,6,6,5,6,6,5,5,0,0,0,1,0,0,3,2
17,26,3,31,17,12,4,11,17,26,9,4,6,8,6,10,10,0,0,1,1,1,1,1,3
13,14,3,22,5,6,15,7,18,27,9,7,3,4,6,10,10,0,0,0,1,1,1,5,5
16,23,1,27,19,16,14,16,14,16,6,4,5,6,2,4,3,0,0,1,1,1,1,5,5
22,18,0,29,15,10,11,11,5,30,4,8,4,7,3,4,4,0,0,1,1,1,0,4,4
18,27,0,35,20,12,15,13,10,36,4,8,8,8,6,7,7,0,0,0,0,1,1,2,2
17,26,1,55,5,11,17,16,15,38,4,8,4,6,9,6,10,0,0,1,1,1,1,5,5
23,25,0,45,15,12,12,12,13,30,5,6,7,6,7,7,3,1,0,1,0,1,0,1,2
18,12,0,37,11,7,16,7,17,41,10,10,6,10,5,3,5,0,0,1,1,1,0,4,4
25,13,0,40,14,6,14,11,9,33,5,9,3,6,10,9,8,0,0,0,0,0,1,1,2
14,25,0,40,11,13,8,11,15,27,6,6,6,6,6,5,6,0,0,0,1,1,0,3,3
17,20,1,49,13,9,8,12,8,33,8,10,6,10,7,9,7,1,1,0,0,0,1,4,3
